Price,Close,High,Low,Open,Volume
Ticker,GOOGL,GOOGL,GOOGL,GOOGL,GOOGL
Date,,,,,
2021-03-09,101.25296020507812,102.42212772357182,101.01674600755987,101.71894467377746,33920000
2021-03-10,101.04603576660156,102.29708138284172,100.20935509208553,102.29708138284172,27100000
2021-03-11,104.23939514160156,104.77187091897011,102.05142854718905,102.13926584834769,27702000
2021-03-12,101.7313461303711,103.10149446258991,100.85893998678274,103.04194682941647,33818000
2021-03-15,101.95167541503906,101.97896555456512,100.62917132551493,101.48222292330844,26168000
2021-03-16,103.41314697265625,104.89147154660814,102.1923674371934,102.52485435636942,31900000
2021-03-17,103.33026885986328,104.16297408675445,101.43955571786044,102.64792444093051,26382000
2021-03-18,100.30908203125,102.66180389994636,100.2018902461758,101.64101341094641,31700000
2021-03-19,100.5879898071289,101.08820812478666,99.39549992944659,100.72545519221457,46072000
2021-03-22,100.77308654785156,101.64896832220467,99.94484136557821,100.62123402558689,33536000
2021-03-23,101.30110168457031,102.4315602691178,100.63960345971093,101.23261887288946,28510000
2021-03-24,100.8644027709961,102.6047475271792,100.6892203526668,101.81868694086641,25218000
2021-03-25,100.86092376708984,101.51497849194996,99.05605651294476,100.69170066123667,35616000
2021-03-26,100.47733306884766,101.20483044037542,99.44115570408202,100.82768277882265,27978000
2021-03-29,101.52242279052734,101.6921456617526,99.52055008099022,100.34978722521926,26492000
2021-03-30,101.5561752319336,102.3600985997057,101.04404587909158,101.87923478436586,27312000
2021-03-31,102.35265350341797,103.53075620217572,101.58247178886016,101.94969987021643,42570000
2021-04-01,105.6904296875,105.98669127491928,103.78731339954884,103.82800630103871,39880000
2021-04-05,110.11598205566406,110.6137241988251,106.45613518164741,106.55240788497983,48510000
2021-04-06,109.63462829589844,110.56460573116816,109.26393216477742,109.7170060552788,35240000
2021-04-07,111.1119613647461,111.38340889951039,109.8251828326057,109.8251828326057,24134000
2021-04-08,111.67768096923828,112.73767263549556,111.3094609831915,112.35109011210068,28664000
2021-04-09,112.6821060180664,112.84586958165409,111.02413150339015,111.43006856726271,26146000
2021-04-12,111.3893814086914,111.99827567762381,110.55567663945638,111.86081786456195,25024000
2021-04-13,111.87618255615234,112.32479639882128,111.31144932320024,111.70547531555604,25682000
2021-04-14,111.2548828125,112.52131494179199,110.96259662557597,112.52131494179199,21002000
2021-04-15,113.40563201904297,113.93910731506152,111.71441568076216,112.24937512425728,29174000
2021-04-16,113.28157806396484,113.85177090924829,112.69451439811739,113.60364566317921,26282000
2021-04-19,113.62944793701172,114.34057420260662,112.65779320044837,112.65779320044837,30290000
2021-04-20,113.09598541259766,114.08798664621497,112.00969537265847,114.0130523362759,22288000
2021-04-21,113.063232421875,113.14511042002438,111.39929855085491,112.75059219366896,23204000
2021-04-22,111.78141784667969,113.58578546454932,111.17599162675704,112.91683621189621,24146000
2021-04-23,114.1341323852539,114.44131306155018,112.21463744660008,112.49997995220494,29066000
2021-04-26,114.63038635253906,115.35491539207553,114.0046137037265,114.36191465854154,32038000
2021-04-27,113.68998718261719,115.05318417666454,113.45078956312143,115.01249127701054,44386000
2021-04-28,117.0674819946289,120.65735491910743,116.77866383870929,118.72793272307838,81106000
2021-04-29,118.74082946777344,119.30655470794439,117.80241660635883,118.56565462462966,41234000
2021-04-30,116.79254913330078,118.19941495111625,116.44815119189317,117.51310274370631,44856000
2021-05-03,116.27545928955078,118.18453498753864,115.89930359845003,117.35877344421958,28242000
2021-05-04,114.47654724121094,115.37773525338912,111.98785142103567,114.81002610533777,44818000
2021-05-05,114.87057495117188,115.87448718948492,114.54850735953089,115.55837890460862,26636000
2021-05-06,115.99109649658203,115.99109649658203,113.79221092567428,114.45172515333141,25190000
2021-05-07,116.71463775634766,117.6733970925237,116.4283032840996,117.30816048876812,28898000
2021-05-10,113.72821044921875,115.67599518638454,113.3704097175728,115.53406221182321,30914000
2021-05-11,112.65184020996094,113.15900979976799,110.85839167705417,111.31246512837205,34186000
2021-05-12,109.18751525878906,111.55612402772708,108.85850395774958,110.47479374412886,46376000
2021-05-13,110.61621856689453,111.13231572556356,109.50858260758544,110.47130973397276,33204000
2021-05-14,113.06471252441406,113.37933665290709,111.65635497248752,112.08015480939481,31996000
2021-05-17,113.58776092529297,113.6304377384808,111.92978642061708,112.3297641754445,21598000
2021-05-18,112.2751693725586,114.5187232263612,112.26127442093457,114.25421938157729,22204000
2021-05-19,112.7232894897461,112.89648041648023,110.43756603914663,110.58594292832795,23684000
2021-05-20,114.48249816894531,114.73309949048301,113.3197822443816,113.69097811635923,32352000
2021-05-21,113.8463134765625,115.07503626023684,113.60662363633259,115.00158609753292,40632000
2021-05-24,117.16673278808594,117.390536195804,114.73113291341008,114.87653394991712,31832000
2021-05-25,117.25753784179688,118.30611079968943,116.86698744390246,117.71061174116315,22440000
2021-05-26,118.12299346923828,118.55373698083459,117.4356817515522,117.4386576186535,21572000
2021-05-27,117.24811553955078,118.55672483396802,116.92952356734123,118.55672483396802,35224000
2021-05-28,116.95878601074219,117.91257792108246,116.76028885976044,117.83069992865224,21482000
2021-06-01,118.1661605834961,118.39096348703528,116.83124568620666,117.83168978545551,23354000
2021-06-02,117.6406478881836,118.78450163427122,116.73597664095516,118.56168261975796,21158000
2021-06-03,116.49876403808594,116.96722459641707,115.60253582286343,116.4069589139595,18696000
2021-06-04,118.7810287475586,119.05198412649423,117.23471351595569,117.57514366228743,24458000
2021-06-07,119.2142562866211,119.3239317671164,118.1572478636839,118.57608038074805,24120000
2021-06-08,119.0226821899414,120.06877891778856,118.84105586989695,119.69609891305129,24240000
2021-06-09,119.49413299560547,119.73927477924008,118.94627056496574,119.66732391656954,17942000
2021-06-10,120.84343719482422,120.88661377093757,119.287694745619,119.44351508642232,25904000
2021-06-11,120.59879302978516,121.17047000516757,120.04100343499866,121.08511637699016,21958000
2021-06-14,121.52727508544922,121.52776727722208,119.99336321142542,120.7010138258984,22098000
2021-06-15,120.50897216796875,121.85479867979801,120.1481955864892,121.5317391337335,21562000
2021-06-16,119.86681365966797,120.97196589201818,118.57408336169361,120.66031764210322,26472000
2021-06-17,120.83053588867188,121.603693441412,119.59636123311135,119.7923822856336,25842000
2021-06-18,119.21027374267578,120.6910818510485,119.1149929914567,120.45685158183923,46116000
2021-06-21,120.8990249633789,121.08511889610858,118.99937664421553,119.59686719825068,27414000
2021-06-22,121.41313171386719,121.48211428370058,120.15613450667915,120.83698717040798,22390000
2021-06-23,121.21117401123047,122.17240951639948,120.92087169604042,121.17792455987673,19148000
2021-06-24,121.58136749267578,122.13269801966713,121.38287032972356,121.779864655628,21362000
2021-06-25,121.58979034423828,121.71336075957535,120.65336905720633,121.08510450673501,34594000
2021-06-28,121.61710357666016,121.86423686669397,120.49508042755512,121.75852921191957,28526000
2021-06-29,121.3555679321289,122.09845947524772,120.77843143323554,121.750585903445,23108000
2021-06-30,121.1739501953125,121.34019744310686,120.44446136096889,121.07966138959465,24474000
2021-07-01,121.52628326416016,121.66770889111173,120.62012792060024,120.81217357840106,18110000
2021-07-02,124.31819152832031,124.46359255881022,122.13667630698805,122.22649752476075,25982000
2021-07-06,125.24370574951172,125.47991996172436,123.64825460993833,124.70626257188695,26404000
2021-07-07,125.52556610107422,126.32948945977284,125.20697413933541,126.208410278611,24060000
2021-07-08,124.10627746582031,124.65364012038974,123.09194599924523,123.09591382193557,23790000
2021-07-09,124.57723236083984,124.7916083872216,123.61748109045698,124.08743338198082,18632000
2021-07-12,126.02330017089844,126.11659701235094,124.66903075282382,125.2317800964702,17668000
2021-07-13,126.38655853271484,127.09718503011685,125.72456058354896,126.08582935283354,19240000
2021-07-14,127.27533721923828,128.3566749442319,126.95525355930435,126.99843013494588,23742000
2021-07-15,126.05258178710938,127.73487061260049,125.58114534521543,127.68425815211094,24218000
2021-07-16,126.01783752441406,126.85302634579371,125.20746273938772,126.7056414194645,20424000
2021-07-19,123.64378356933594,125.2585814894931,122.57882443943065,125.14394623897842,27968000
2021-07-20,125.26304626464844,126.09029189296702,123.4179859291458,124.5861538619806,26312000
2021-07-21,126.5925064086914,126.6391510453154,125.0784411915478,125.18761690110053,20746000
2021-07-22,127.45844268798828,127.51948960821602,126.54286761164278,126.88528161966792,14302000
2021-07-23,132.01751708984375,132.3986401311124,128.82712984161756,129.4523951600972,41506000
2021-07-26,133.0298614501953,133.23034251225275,131.3093559344711,132.32866235257328,30572000
2021-07-27,130.91087341308594,133.39114148344112,129.12835158486462,133.24375654153485,54710000
2021-07-28,135.0734100341797,137.25989239813106,134.26303523992692,135.28977752970368,95130000
2021-07-29,134.75929260253906,135.63616633400994,134.52655404007479,135.12899677919694,31716000
2021-07-30,133.71620178222656,134.28987032951665,133.24824090283735,134.02239055437838,25576000
2021-08-02,133.8432159423828,134.32159603083082,132.79066767952273,134.10374439184372,21634000
2021-08-03,134.61289978027344,134.71412469345836,132.31972539676443,134.12160154439192,20762000
2021-08-04,134.1121826171875,134.63225514353746,133.47846680037628,134.33450184746084,19676000
2021-08-05,135.229736328125,135.32750833169953,133.83477396423808,134.66301914321753,17870000
2021-08-06,134.72059631347656,135.44910079449588,134.196071269819,135.0218328558006,20488000
2021-08-09,135.8862762451172,136.15525526849018,134.32457443388773,134.92306449777362,17760000
2021-08-10,135.78106689453125,136.73932631810774,135.34188043410109,136.31204332519133,19414000
2021-08-11,135.25704956054688,136.6500129504423,135.24959853381438,136.15277807095418,15352000
2021-08-12,136.16517639160156,136.27038427949398,134.4099447510758,134.95580816135285,16506000
2021-08-13,136.6946563720703,136.82270194737035,136.0053759091246,136.22074387202724,15948000
2021-08-16,137.2722930908203,137.32490460237238,134.28437116129226,136.49367603744454,22384000
2021-08-17,135.63668823242188,137.22866387523482,135.0615355406149,136.71702664999899,21716000
2021-08-18,134.43328857421875,136.0763764715568,134.3067422589954,135.47640215726727,19258000
2021-08-19,134.66250610351562,135.32996352122413,133.2432371779156,133.4273471733115,21782000
2021-08-20,136.39892578125,136.52248864700474,134.23576540706904,134.98014118566647,31194000
2021-08-23,138.99131774902344,139.81806360283056,136.57556488005156,136.93484971886602,28454000
2021-08-24,140.2021942138672,141.01455306399217,139.28611161205026,139.55705943531208,19268000
2021-08-25,141.01353454589844,141.12321001802496,140.31581862814912,140.56294433294897,15848000
2021-08-26,140.37982177734375,141.34948492640603,140.29693668933822,140.6869948524426,20610000
2021-08-27,142.92408752441406,143.42877334902713,140.43588418463617,140.5902203658404,28780000
2021-08-30,143.50619506835938,144.8758510974579,143.08189549994657,143.31711771847773,24434000
2021-08-31,143.61241149902344,144.08285601526092,143.19904608984555,144.0585493114056,22448000
2021-09-01,144.1265411376953,145.1572514544769,143.79703005066006,143.91265727510688,21936000
2021-09-02,142.2124786376953,144.4282350739372,142.11123857880438,144.1270137169677,32342000
2021-09-03,142.66160583496094,143.0739868689535,141.33264245354516,142.0075510389245,19850000
2021-09-07,143.1985321044922,143.48089873899315,142.5419937114171,142.75587753973872,20124000
2021-09-08,142.61346435546875,143.31714724471485,141.92765181614863,143.0194090417109,18344000
2021-09-09,142.46458435058594,143.22831458600484,142.10381533079317,142.76183791118086,15314000
2021-09-10,139.81956481933594,143.63324834342055,139.6825992095329,143.13103101123474,36840000
2021-09-13,141.26513671875,141.87799874708952,140.1907502683079,140.88499809629892,22094000
2021-09-14,141.4755401611328,142.28791402642847,140.68700352159263,141.9231620681561,19674000
2021-09-15,143.34642028808594,143.3672589310745,140.28753163392904,141.70084898830657,27408000
2021-09-16,142.53305053710938,143.21787856046222,141.33361711274972,142.87099696216728,26190000
2021-09-17,139.744140625,142.37426215695461,139.4166134851855,141.95791332781604,53384000
2021-09-20,137.67921447753906,137.95761325803494,135.29970225488358,137.12540035558104,46518000
2021-09-21,137.9904022216797,138.9615648556159,137.24105908809844,138.70152098037897,25332000
2021-09-22,139.23150634765625,139.83048106126535,137.51249995610252,138.25935937751655,25056000
2021-09-23,140.15701293945312,140.63390890331934,139.34862203265052,139.9302261163697,20952000
2021-09-24,141.1485137939453,141.26315661492927,139.18931795972466,139.48458758729717,22984000
2021-09-27,140.01409912109375,140.87410203574274,139.01713059177794,139.74860330168596,21882000
2021-09-28,134.8114013671875,138.0534004027572,134.34492472467014,137.61521342871015,45772000
2021-09-29,133.34597778320312,136.1224998181307,132.86114615387476,135.952776944704,30848000
2021-09-30,132.67355346679688,134.5260573598816,132.5544581975898,133.25467295688009,37996000
2021-10-01,135.51907348632812,135.8838255062705,133.06759462080367,133.43928275970532,35360000
2021-10-04,132.6571807861328,134.94092038251742,130.06725246602704,134.94092038251742,51202000
2021-10-05,135.00296020507812,136.195457682752,133.03582852986017,133.03582852986017,32404000
2021-10-06,136.5334014892578,136.7170117498164,133.54101160192383,133.739508771599,24364000
2021-10-07,138.1809539794922,138.99182860687787,137.61125333266637,137.850443401675,25110000
2021-10-08,138.73724365234375,139.2786394526992,138.17349477354347,138.53029594438388,26526000
2021-10-11,137.87228393554688,139.6568048342749,137.81768850604507,138.2474552462398,17954000
2021-10-12,135.42576599121094,138.46083253617908,134.74192230236443,138.43402701454784,36332000
2021-10-13,136.55026245117188,136.96512710925458,135.49523045857015,136.37210417426144,19654000
2021-10-14,140.09249877929688,140.27759317448889,137.78393763383104,138.4280727926186,31894000
2021-10-15,140.30787658691406,140.65525799212097,139.69948208035825,140.55253377590688,30274000
2021-10-18,141.70729064941406,141.7251609960852,140.01160677138375,140.01855803335158,20396000
2021-10-19,142.16285705566406,142.5851727491795,141.5306404974809,142.3122259032988,20164000
2021-10-20,140.70587158203125,142.4695538565035,140.3163131219319,142.2631058944433,23288000
2021-10-21,140.82199096679688,141.08997046295738,139.44638307898973,140.70586399440023,26292000
2021-10-22,136.53489685058594,139.528771131412,135.0357259164038,138.10651842470995,50588000
2021-10-25,136.41627502441406,136.9651218337323,134.40843556139117,136.51849946532073,34412000
2021-10-26,138.26380920410156,139.0324915543169,137.26734051447318,138.21914848241224,49236000
2021-10-27,145.12100219726562,147.5352558412774,138.35958967330268,138.35958967330268,85782000
2021-10-28,144.75527954101562,146.0544690636937,143.54244317975258,146.03114674370437,36206000
2021-10-29,146.935791015625,147.13032034071645,143.5647621281139,143.99004609130722,43320000
2021-11-01,142.4208984375,146.93579626429255,142.15143480145554,146.93579626429255,46924000
2021-11-02,144.34188842773438,145.50956421119818,143.25311477300548,143.49528827408025,33482000
2021-11-03,145.4986572265625,145.5691239438991,143.50670412146945,144.8063781414798,27494000
2021-11-04,147.1556396484375,148.61064946538178,145.2108308442372,146.02120570689476,38412000
2021-11-05,147.73574829101562,149.20017778946539,147.08566141589458,148.05085702722778,38354000
2021-11-08,147.91342163085938,149.48554284378903,147.31741521200507,148.7014585767388,23052000
2021-11-09,147.80172729492188,148.71085835504044,146.14076963940218,148.11386769371757,19530000
2021-11-10,144.79942321777344,146.95961498797055,143.4536043601575,146.39388220777226,29970000
2021-11-11,144.67337036132812,146.42911672786738,144.50861485628576,145.39095562609714,16518000
2021-11-12,147.5630340576172,147.7337564391423,144.32053550188084,145.51600107030356,22360000
2021-11-15,147.33872985839844,148.42800315960721,146.4683077163778,147.78386805797064,23508000
2021-11-16,146.76708984375,147.6469319540117,146.20780848443775,147.03853742252912,18904000
2021-11-17,146.936767578125,147.44542122499766,146.13582776741984,146.9174130849966,19594000
2021-11-18,148.71484375,149.45128376291623,146.77550224440623,147.1298197269716,35608000
2021-11-19,147.80970764160156,149.83441828627738,147.7824174970797,148.85083725616562,33682000
2021-11-22,145.2048797607422,148.70592331969485,145.05154308495818,148.2126562711061,30594000
2021-11-23,144.68878173828125,145.5602035724951,143.03429028793806,145.05700179836145,27218000
2021-11-24,145.02423095703125,145.1527611600918,143.29033776996786,144.38257946964197,18040000
2021-11-26,141.11676025390625,143.47345022970194,140.7788138039504,143.2660178960678,30470000
2021-11-29,144.4391632080078,145.2004097478787,142.81443053508832,142.92013818734432,32596000
2021-11-30,140.83340454101562,144.90513286079363,140.53961906199348,143.92106736043897,42068000
2021-12-01,139.99375915527344,144.85602381982557,139.85530937917687,142.92015005272097,34020000
2021-12-02,141.89389038085938,142.7856510065103,139.16301355015398,140.1907554042833,29194000
2021-12-03,140.9365997314453,143.31711147989998,139.24885161266536,142.60350921008813,41230000
2021-12-06,142.08148193359375,142.77374594125564,139.0990115301262,141.9678386286235,30618000
2021-12-07,146.1651153564453,146.4246594362263,144.13842108192705,144.50465719357044,32240000
2021-12-08,147.07522583007812,147.2801896212736,145.30809084120318,146.48965394073545,24270000
2021-12-09,146.53135681152344,147.98189902251838,146.01178401342344,146.48421241020347,23270000
2021-12-10,146.89163208007812,147.86031099599933,145.60386142739566,147.58489560327317,24458000
2021-12-13,144.73292541503906,146.86034457967102,144.426236973576,146.67325115189786,27070000
2021-12-14,142.82781982421875,143.39652088196925,140.15600616019245,142.88836698093175,38446000
2021-12-15,145.3428192138672,145.62071825548696,140.61553692266676,142.33355877435457,36370000
2021-12-16,143.36180114746094,146.56955875627122,142.53007278515918,146.06685680328061,33650000
2021-12-17,140.66220092773438,142.75587874027252,140.24038500191537,141.43138309383306,50416000
2021-12-20,140.5450897216797,140.71134455015442,138.27623682243168,138.9501458780245,27192000
2021-12-21,142.3966064453125,142.7901327368822,139.4488771998358,140.988241195714,28756000
2021-12-22,145.3170166015625,145.4013858438992,141.9946312572679,141.9946312572679,26322000
2021-12-23,145.81478881835938,147.13183363244713,145.3537640704066,145.40140824152084,26384000
2021-12-27,146.79733276367188,147.23155191988448,146.06586006399732,146.15171345394464,15976000
2021-12-28,145.58700561523438,147.1869169068151,144.95925654337688,147.12438582390516,18200000
2021-12-29,145.5552215576172,146.31151586245565,144.5552847534047,145.54480223641073,17788000
2021-12-30,145.1041259765625,146.19538324277852,144.89967709451196,145.59392492050907,15688000
2021-12-31,143.76576232910156,145.59841206525712,143.76576232910156,144.95477660937993,18136000
2022-01-03,143.9042205810547,144.7572723479934,142.6353045632969,143.96723628198907,28646000
2022-01-04,143.31661987304688,145.38647525232193,142.63874318285679,144.30563743587064,28400000
2022-01-05,136.7418212890625,143.41589690893608,136.65548327199204,143.3369947744093,54618000
2022-01-06,136.7145233154297,138.89058651246134,135.5344442800259,135.97114712472833,37348000
2022-01-07,135.98948669433594,137.41025492629657,134.74836087315734,137.10951820455404,29760000
2022-01-10,137.62960815429688,137.7784923866588,132.1659006036538,134.06504915322984,44408000
2022-01-11,138.6881103515625,139.1645217290707,135.66744595665384,136.9720874131419,28730000
2022-01-12,140.36990356445312,141.53857889929625,139.63943036795163,140.09150474264098,26108000
2022-01-13,137.54771423339844,141.77874563735924,137.37104012516374,140.4785568653489,31436000
2022-01-14,138.4345245361328,139.68656954146815,135.97114257121223,136.05102908212427,29662000
2022-01-18,134.9781494140625,136.10314842718847,134.42285105215512,135.15382402606036,34872000
2022-01-19,134.10325622558594,136.92493874451395,134.00301568869605,135.49970276827796,28648000
2022-01-20,132.30780029296875,136.59392702460264,131.96737020442174,135.22823884786024,29908000
2022-01-21,129.37399291992188,133.85413470989914,129.11098076605415,131.59918447816986,55652000
2022-01-24,129.82308959960938,130.21909952147814,123.56636302838503,125.03327622017262,76622000
2022-01-25,125.98309326171875,128.4286198444803,125.55185757799042,127.77456517516126,46960000
2022-01-26,128.2638702392578,132.00261942561787,126.18854746933454,130.13572850778058,49130000
2022-01-27,128.03758239746094,131.6577209195891,127.96561639041133,130.31933794967972,31950000
2022-01-28,132.35098266601562,132.35644978053813,127.52147605383999,128.68666808776362,34362000
2022-01-31,134.28884887695312,134.45708760059057,131.21805677014638,133.15591425848223,39986000
2022-02-01,136.61180114746094,136.75968585207823,133.36086675449982,136.56267283391475,68644000
2022-02-02,146.89013671875,150.41003482370965,144.43122234361599,150.11576472101984,123200000
2022-02-03,142.01695251464844,148.5525777136567,141.5956363601921,144.6128476273502,71518000
2022-02-04,142.2184295654297,143.78856670322708,139.46126220909318,142.36879793327233,57998000
2022-02-07,138.1571044921875,143.16823691116105,137.85835170281248,143.16823691116105,54974000
2022-02-08,138.3536376953125,138.95012868811895,135.98652845498887,137.98393352600814,54284000
2022-02-09,140.5301971435547,141.45571462604343,139.13573444735914,139.90641595810757,40144000
2022-02-10,137.58047485351562,140.42349572216153,136.92245230630547,138.65586088469732,39330000
2022-02-11,133.2755126953125,138.11295539537267,132.39962332012644,137.5606404788322,39958000
2022-02-14,134.5096893310547,135.27788715232825,132.25720762086638,132.25720762086638,34302000
2022-02-15,135.58409118652344,137.07284283056677,134.80299027969542,136.53886766966463,26680000
2022-02-16,136.70510864257812,137.05049099274288,133.9122003011313,135.62178690030257,25022000
2022-02-17,131.5450897216797,136.08527894268366,131.48504232159402,135.22130816652052,38950000
2022-02-18,129.4250946044922,133.06460279138676,129.2201459554218,132.46611275498591,45620000
2022-02-22,128.84002685546875,131.18926578040976,127.2619388627428,128.86433355708314,44990000
2022-02-23,126.63121032714844,131.0607395809099,126.57116292849084,130.66126157793636,32786000
2022-02-24,131.69593811035156,132.0026265987599,124.01646653856334,124.01646653856334,54456000
2022-02-25,133.451171875,134.25707905584127,130.76347180550337,132.55047613745694,36406000
2022-02-28,134.04420471191406,134.73348521833475,131.5981781769132,132.05225159221422,38864000
2022-03-01,133.05616760253906,135.23371506860198,132.21950209052739,133.86704226332247,26496000
2022-03-02,133.5623321533203,134.24814455333347,132.07358086324874,133.61841172309505,23520000
2022-03-03,132.8953857421875,135.41633147676816,132.02793179963612,134.99004795968622,24604000
2022-03-04,130.9173126220703,132.84773411932804,129.36007848583986,131.93066729654552,30430000
2022-03-07,125.43077850341797,130.7471083714347,125.34790098196343,130.50196658252938,45112000
2022-03-08,126.15133666992188,130.26574953506457,124.73206001019544,125.30324479087164,40428000
2022-03-09,132.4194793701172,132.73261936692816,128.92637143258065,130.26575405375206,37026000
2022-03-10,131.4364013671875,132.27258215796604,129.93077920872005,130.28162863784974,27102000
2022-03-11,128.89659118652344,132.7921603804447,128.659385038366,132.48745580910284,31526000
2022-03-14,125.00647735595703,129.43104655251307,124.33555183566477,129.27324230165655,38812000
2022-03-15,128.2291259765625,128.8807121292498,124.77770327867377,126.02378891344858,30920000
2022-03-16,132.28102111816406,132.33311772405185,127.76910672795162,129.75262441968042,35576000
2022-03-17,132.8353271484375,133.0750169543275,131.19372381937578,132.15049913160888,28264000
2022-03-18,135.10467529296875,135.22228639905342,131.26667022049563,132.42392655212842,44566000
2022-03-21,135.0808563232422,136.0222449574991,133.0869194437915,135.1423878626477,26832000
2022-03-22,138.81910705566406,139.9922498612945,135.08085776199704,135.08085776199704,35496000
2022-03-23,137.23855590820312,138.54171310581177,136.8013684687144,137.66235573176738,25154000
2022-03-24,140.51034545898438,140.5569900941861,136.7175005538764,138.1561240851599,26396000
2022-03-25,140.61061096191406,140.9698958716676,138.68962401293035,140.8517849708428,24126000
2022-03-28,140.39471435546875,140.93760943218095,138.7630305417239,139.84386848888616,35050000
2022-03-29,141.43682861328125,142.71517932919343,140.97333542328835,141.57777718767315,34318000
2022-03-30,140.8740997314453,141.6502331537412,140.53813719870882,141.39168860096095,19884000
2022-03-31,138.02462768554688,141.04232360786241,137.98195087256153,140.9877281817403,37524000
2022-04-01,139.09950256347656,139.4175947580096,137.2703210012843,138.453883236437,25942000
2022-04-04,141.8993682861328,142.63432431956434,139.25832732948422,139.305971501773,25942000
2022-04-05,139.5366973876953,141.91819372538492,139.32976482705615,141.79761431614833,21418000
2022-04-06,135.52401733398438,138.31542612185672,134.50074308822178,137.7095002017028,32468000
2022-04-07,134.86949157714844,136.13592396737522,133.22093656578176,134.9900710123702,26234000
2022-04-08,132.28797912597656,134.65260481245758,131.96838763466556,134.56675141890017,25142000
2022-04-11,127.85746765136719,131.1019509764498,127.7036311916698,130.83497096581726,36884000
2022-04-12,126.75675964355469,130.6131276162825,125.83820106848967,130.6131276162825,32710000
2022-04-13,128.91990661621094,129.35660942683415,126.78305234113374,127.04011273465291,27928000
2022-04-14,125.7796401977539,129.50102631616858,125.65160219249142,129.50102631616858,31598000
2022-04-18,126.71904754638672,127.25102357948299,125.23575564563903,126.04762222036051,20808000
2022-04-19,129.03407287597656,129.355633163312,126.04713475929695,126.73394682499422,26490000
2022-04-20,127.0798110961914,130.41363040865102,126.54386726306718,129.91042868655606,31696000
2022-04-21,123.87850189208984,129.12287322992793,123.59265963521985,128.28074070309174,36446000
2022-04-22,118.73834228515625,124.46160122256957,118.03317534641822,124.06261542731319,56884000
2022-04-25,122.15106201171875,122.35303480833002,117.62228414008575,118.20785607828329,46128000
2022-04-26,117.7602310180664,121.59128502362185,117.6222734562165,121.37740120497031,73054000
2022-04-27,113.43739318847656,116.3627840575596,111.89107816216398,113.6110762978176,91820000
2022-04-28,117.6336898803711,118.75223733155552,113.2592408453906,115.54199599993349,48884000
2022-04-29,113.25377655029297,117.0357022536662,112.96099060726237,115.85909136700216,42676000
2022-05-02,115.70873260498047,115.87001248679226,111.75559982416154,112.55456335153875,35534000
2022-05-03,116.45410919189453,117.55380196982412,115.16435465778821,115.55738116745341,24968000
2022-05-04,121.34415435791016,121.93320188651805,114.25273117249577,116.15387107248489,49916000
2022-05-05,115.63182067871094,120.13132441982566,114.14306924777586,119.30258703193357,45840000
2022-05-06,114.87850952148438,116.68982830154226,113.16049515980836,114.32072750015296,39710000
2022-05-09,111.66728210449219,114.21404156021802,111.1606122801182,112.40073877188388,40802000
2022-05-10,113.53713989257812,115.37823243873659,112.05384804886181,114.64130019962774,39900000
2022-05-11,112.7505874633789,115.49187605345283,112.38733478952014,112.38733478952014,37534000
2022-05-12,111.9977798461914,113.43789516198555,109.00092247698522,110.54227785783269,53836000
2022-05-13,115.18022918701172,116.99104817996168,112.75307250236035,113.67410719481575,35038000
2022-05-16,113.5867691040039,115.2988317009477,113.03543859089471,114.0934388924006,25990000
2022-05-17,115.59957122802734,116.0233711033276,114.00859523818337,115.96431565686771,23054000
2022-05-18,111.06035614013672,114.53460916918733,110.71893406247878,114.13760728159772,35126000
2022-05-19,109.55622863769531,112.16253561354502,109.17510560363476,110.59587399910443,34144000
2022-05-20,108.0912857055664,111.34222744755039,105.00312313802856,111.11146523229964,48962000
2022-05-23,110.65193939208984,111.30649385728398,107.92553778216092,108.76569397448277,37184000
2022-05-24,105.1753158569336,105.66015500385568,101.12045104597233,104.9788026279136,76780000
2022-05-25,105.0115737915039,105.70136171766619,103.07768392252879,104.19821542605251,40258000
2022-05-26,106.98416900634766,107.8347370455075,104.43591780377673,104.88453171553539,37948000
2022-05-27,111.47422790527344,111.47571962495518,108.32005857394647,108.66198041267312,37914000
2022-05-31,112.90888977050781,114.86709364566386,111.2380123045194,111.90100218674581,50012000
2022-06-01,113.03792572021484,116.22336092906039,112.40074175451693,113.99370924094364,36606000
2022-06-02,116.74044036865234,117.01536355537438,112.09951102289412,113.14510810652334,37992000
2022-06-03,113.68205261230469,115.44920287025536,112.66722129124575,115.19214245668354,26136000
2022-06-06,115.94446563720703,118.4520163103312,115.29288697757941,115.82933061507269,33542000
2022-06-07,116.27098846435547,116.8084316076851,114.18922165172008,114.61450564492854,31590000
2022-06-08,116.3151626586914,117.68134325609861,115.7256153068181,115.8859032493853,26108000
2022-06-09,113.97434997558594,117.41187812168785,113.9152945311241,115.45515824119836,25798000
2022-06-10,110.32788848876953,112.42950946002966,109.53835232190883,111.60176406792269,41452000
2022-06-13,105.59465026855469,107.97565433501417,105.32320273539445,105.98569282343811,47252000
2022-06-14,105.91522979736328,107.11516302340985,105.0065983723719,105.73608714050434,33706000
2022-06-15,108.94137573242188,110.58793144263325,106.8620849971601,107.73101553417992,39698000
2022-06-16,105.23834991455078,107.83373777282833,104.34956513406651,106.41694479005933,51684000
2022-06-17,106.34001922607422,107.88435035184875,104.25824499723922,105.23834264435271,51376000
2022-06-21,110.70752716064453,111.64594004037723,107.78560405644993,108.11263143059072,47416000
2022-06-22,110.65144348144531,112.4964961727046,109.5547266912255,109.72742541621976,30774000
2022-06-23,111.40028381347656,111.89703403190568,109.67185020461025,111.38986449241077,28362000
2022-06-24,117.09029388427734,117.19351785635138,112.10545894941258,112.14764357004229,41164000
2022-06-27,114.96485900878906,117.69026114363895,114.31575650129828,117.38606391266642,36420000
2022-06-28,111.16754913330078,116.42979107455284,111.0092451116475,114.93408839680073,35792000
2022-06-29,110.86383819580078,112.31189663204833,110.04105259478725,110.71546131167834,24716000
2022-06-30,108.1458740234375,110.05644130249395,105.94947205566056,109.17510001051674,43170000
2022-07-01,107.92208099365234,108.43073472952916,105.93012772204091,107.12360957404448,35476000
2022-07-05,112.41364288330078,112.52678642393329,104.93861973628887,106.29735689624175,39342000
2022-07-06,113.71281433105469,114.72268583730312,110.64003080778706,112.45234149088837,37432000
2022-07-07,117.8922348022461,118.2956881859461,113.97235893217574,114.21700853285823,40936000
2022-07-08,118.45845794677734,118.78746921249528,116.02484225798968,116.37073191522165,38238000
2022-07-11,114.80903625488281,117.11312990957636,114.4656302547842,117.11312990957636,31196000
2022-07-12,113.16545867919922,116.09680918580032,112.83743934520429,115.34349827319495,29960000
2022-07-13,110.51846313476562,113.33964608381699,110.36760255508183,110.86335330305643,43722000
2022-07-14,109.53983306884766,110.25989440304903,107.56029099770753,109.38401274416344,37004000
2022-07-15,110.93926239013672,112.29204761865665,110.06834802557198,111.16059723234189,46770000
2022-07-18,108.2123794555664,112.82751047657966,107.55733275345759,111.79530855999529,43164600
2022-07-19,112.95653533935547,113.16495963876075,108.73840612847393,110.01873331526212,36530900
2022-07-20,113.04586029052734,114.5346117230483,111.63651075173104,112.32133126160736,35600400
2022-07-21,113.48255920410156,113.69099107486413,110.27678525693223,113.42301156798746,32676200
2022-07-22,107.09085845947266,111.49755771109314,105.70135555742696,110.16761001759993,48901200
2022-07-25,106.70377349853516,109.04607621995325,105.50284832248128,107.59702581978459,34690900
2022-07-26,104.2324447631836,106.39609710232087,103.28957190469941,105.80059805632132,47991000
2022-07-27,112.21216583251953,113.05579777932651,107.20004009375845,108.4406664012016,59858500
2022-07-28,113.36345672607422,113.4825519907323,110.62415205622167,111.5273315315114,32816600
2022-07-29,115.44770812988281,115.83478288766385,112.21215297072065,112.23200722978598,37223400
2022-08-01,113.9986572265625,115.84470955891426,113.48255250344202,114.4353600580981,26034300
2022-08-02,114.26664733886719,115.47749987569318,112.86722474472963,113.14512383734234,20236000
2022-08-03,117.19451904296875,117.73047048772344,114.61401797621708,114.84228896413123,28499000
2022-08-04,117.3036880493164,117.88925996691131,116.01343380363976,116.59901329341588,21602900
2022-08-05,116.58908081054688,117.22428077464862,115.1301032900635,115.35838182662235,19159500
2022-08-08,116.42037200927734,119.24899838566922,116.00351582840237,117.50219448024508,19138300
2022-08-09,115.75537872314453,116.44020677601095,114.84227970077666,116.26155630883628,19086500
2022-08-10,118.8023681640625,120.0132206108278,117.5220485214932,117.8892690499116,30930400
2022-08-11,117.94881439208984,120.57894353839131,117.67091532555504,120.37051923849022,24293700
2022-08-12,120.76752471923828,120.76752471923828,118.56417123776562,119.35817508462884,19096300
2022-08-15,121.16452026367188,121.38287168867272,119.70554262587667,120.22163979863927,19494800
2022-08-16,120.787353515625,121.51188248647642,119.73530501072639,120.60870305515347,19041200
2022-08-17,118.65348815917969,120.3804376418693,118.48475724771684,119.21921338138048,22847000
2022-08-18,119.26882934570312,119.9139564343755,117.82970609358695,118.5343808121679,17987700
2022-08-19,116.3310317993164,118.25648600514175,115.8844094146696,118.16715698490374,21809500
2022-08-22,113.3833236694336,114.76289959418776,112.99624884577925,114.33612381782753,21456600
2022-08-23,113.00615692138672,114.14753450962371,112.57938121699137,112.62900929255083,15870400
2022-08-24,112.83744049072266,113.91926294010845,112.02358997809887,112.64886287866464,17734600
2022-08-25,115.77523803710938,115.84471280114529,113.2542847000928,113.38330709839337,16956800
2022-08-26,109.5125503540039,114.25671121949163,109.36368127038317,113.85970932808003,37245700
2022-08-29,108.59945678710938,110.11798209415639,107.98411101792682,109.16518204997358,21191200
2022-08-30,108.12306213378906,109.67136128172704,106.99161159149872,109.34383413206885,27513300
2022-08-31,107.40845489501953,110.01872968878591,107.31912587125797,109.82023252604237,28627000
2022-09-01,108.91706085205078,109.62173567430116,106.5549111279362,107.46801025771005,28360900
2022-09-02,107.04122924804688,109.90955647633426,106.45565730411391,109.7606798148013,24160700
2022-09-06,106.00902557373047,107.21987796172488,104.98675079205103,106.49535649820784,25068300
2022-09-07,108.62922668457031,109.15525855226639,106.09835378823291,106.25715000377444,23167000
2022-09-08,107.56725311279297,108.77810551573627,106.35640828203118,107.22980641541218,24238300
2022-09-09,109.82023620605469,110.15768290846263,108.20245474397649,108.25208282241607,23197700
2022-09-12,110.02865600585938,110.78295884863972,109.10562981877511,110.15767840347152,22966800
2022-09-13,103.53770446777344,107.48786179672693,103.30942590501988,106.99161129456695,38172900
2022-09-14,104.21260070800781,104.49049976501348,102.88265305742887,103.78582499269729,26395100
2022-09-15,102.13826751708984,104.48056258899445,101.58246188434002,103.24986363822816,34188300
2022-09-16,102.02910614013672,102.35662571627779,100.18305366873035,101.30457707616641,42797200
2022-09-19,102.29707336425781,102.55512573336215,100.78847524094766,100.98697240353168,23036800
2022-09-20,100.38155364990234,101.60233324955327,99.76620028481737,101.31450704195781,26517100
2022-09-21,98.53549194335938,102.10849380682069,98.52556481376558,100.90756858013354,31487300
2022-09-22,99.38904571533203,100.48079525894666,98.0491709312513,98.07894474855821,34298600
2022-09-23,97.99954986572266,98.9126565708246,96.73907688573331,98.88287517920556,31625400
2022-09-26,97.4338150024414,99.13099069316641,97.06659450257123,97.36434023985667,27072700
2022-09-27,96.76884460449219,99.2500970302484,96.14357171918695,98.68437178006324,30072800
2022-09-28,99.29972076416016,99.94484030889338,96.38176561600726,96.91771702518929,32466300
2022-09-29,96.68943786621094,97.90029020087542,95.24038743081641,97.90029020087542,31047200
2022-09-30,94.93272399902344,98.15835231135912,94.84339496976266,96.3222269403121,32941500
2022-10-03,97.90029907226562,98.54542624354227,95.79619420397032,96.03439989846684,27982000
2022-10-04,100.87779998779297,101.07629715686122,99.62724662055442,99.6868018290202,28850800
2022-10-05,100.66937255859375,101.16562303801653,98.05909776281518,99.0813725388771,22176900
2022-10-06,100.6594467163086,102.15812530354549,99.83566909260647,99.92499811757948,22324000
2022-10-07,97.94000244140625,99.77612784180832,97.56285477407359,99.10122683508853,27502800
2022-10-10,97.12614440917969,98.35684347756712,96.28252010885105,98.2575948961487,18225100
2022-10-11,96.45124816894531,98.50572495067155,95.58776956681797,96.69937342071023,26507100
2022-10-12,96.8283920288086,98.00947060399531,96.01454153781964,96.5703472290624,21876400
2022-10-13,98.31714630126953,99.03174823037912,93.67224133423892,94.43647134205176,34574500
2022-10-14,95.83588409423828,99.93491764089593,95.64731407308213,99.24016247039046,25410700
2022-10-17,99.22032165527344,100.17312166314639,98.08887117266298,98.11864498975567,28419200
2022-10-18,100.01431274414062,102.69406972770851,99.2203165644094,102.35661548288249,24060700
2022-10-19,98.88286590576172,100.26244160630186,98.17819114716923,99.2600211090797,23811100
2022-10-20,99.22032165527344,101.55269738443776,98.64466928421018,99.25009547236613,25323200
2022-10-21,100.37162017822266,100.55027065536837,96.98719581452741,97.11621821439542,32458700
2022-10-24,101.75120544433594,101.97948402013142,99.23025941285736,101.03661104103227,27176400
2022-10-25,103.6965103149414,104.03395702843999,101.94970639256357,102.12835687976337,40611400
2022-10-26,94.2181167602539,97.57276729062485,93.97991864924414,95.70686820538242,88114100
2022-10-27,91.52843475341797,94.71436175268728,91.11158619026445,93.81118229367367,60710900
2022-10-28,95.56792449951172,95.82597688593535,91.43911660546121,91.57806614303196,43697300
2022-10-31,93.80126190185547,95.30985993363518,93.27523763795979,94.70443378065085,31675000
2022-11-01,89.79156494140625,95.30986797136448,89.692316357766,94.7342155851969,47161400
2022-11-02,86.31781005859375,90.49623820875753,86.22848103429116,90.25804009758635,57038300
2022-11-03,82.80435943603516,85.87118391743043,82.71503040774212,85.67268674461754,61288000
2022-11-04,85.93072509765625,85.9902727253418,83.08224494253571,84.75957379603037,51124900
2022-11-07,87.82640075683594,88.2333297523098,86.19869991930204,86.62547560061769,34078900
2022-11-08,88.23332977294922,89.64267920564933,86.9331484706756,88.23332977294922,30429000
2022-11-09,86.66517639160156,88.769280979615,86.62547544780726,87.78669965811274,31769100
2022-11-10,93.23554229736328,93.68216469901468,90.92301325088243,91.55821325740865,51620100
2022-11-11,95.68702697753906,96.20312417620435,93.21569398564695,93.97992401150627,33090500
2022-11-14,94.98233032226562,96.06416020914902,93.8012594349028,94.37690418520387,30179500
2022-11-15,97.70181274414062,99.38906162044609,95.98478247358098,97.52316223952855,41640800
2022-11-16,98.10871887207031,98.89279554305216,96.90779361312791,97.16584598422887,29105200
2022-11-17,97.62239837646484,98.5354974736292,96.06417211875853,96.24282260056737,26052600
2022-11-18,96.6993637084961,98.15834125388724,95.64731516977584,98.02931128973258,28342300
2022-11-21,94.88308715820312,97.66209278418218,94.64488905580471,96.56041614884042,21647400
2022-11-22,96.32221221923828,96.49093554938902,93.34470961675402,95.23045520724949,23438500
2022-11-23,97.72164916992188,98.0194025037263,96.36192005141498,96.36192005141498,18868100
2022-11-25,96.72914123535156,97.90029265387534,96.66959360172228,97.5032907612572,9701400
2022-11-28,95.32972717285156,96.84825254058707,94.89302429557998,96.31230107453067,26237500
2022-11-29,94.47616577148438,95.39919193752951,93.40426295178399,95.01211718133456,20061700
2022-11-30,100.23268127441406,100.28230935695298,93.71194952558646,94.10895146935107,43647500
2022-12-01,100.23268127441406,101.48323474700877,99.49823260036801,100.26245509506451,28687100
2022-12-02,99.68680572509766,100.01432530964262,98.1583532325541,98.30722990126469,21480700
2022-12-05,98.73399353027344,100.6197391952586,98.25758976329782,98.654591640414,24405100
2022-12-06,96.25274658203125,99.03174473103793,95.69694089448478,98.55534850991971,24910700
2022-12-07,94.22803497314453,96.15348151088587,94.00968357030628,95.68701246285406,31045400
2022-12-08,93.00726318359375,94.8632426874311,92.74921081619499,94.66473795397769,32213300
2022-12-09,92.13386535644531,93.55314202323372,92.05446346281963,93.0668111039124,28225400
2022-12-12,92.61026000976562,92.85838524401936,90.92301144571273,92.0147609619929,29420000
2022-12-13,94.91284942626953,98.7836040871428,94.31735045663831,97.02688099090368,40593700
2022-12-14,94.35706329345703,96.14356799976107,92.89808571200558,94.48608568861964,28733600
2022-12-15,90.17863464355469,92.93778600326951,89.33501037181313,92.43160841135212,40107000
2022-12-16,89.5831298828125,90.64510550177309,88.84867379330282,90.0793803135825,58011800
2022-12-19,87.77679443359375,89.8808917929858,87.54851586254811,89.58314602418342,29493000
2022-12-20,88.35242462158203,88.51122839633814,86.78427899285954,87.44925276224407,23453800
2022-12-21,88.90823364257812,89.54343362140024,87.6576803714429,88.41198318586204,24745600
2022-12-22,87.10187530517578,87.87602474408581,85.67267168123085,87.49887715318053,27658300
2022-12-23,88.56085968017578,88.8784596690233,86.41705407631922,86.45675502144779,23003000
2022-12-27,86.73466491699219,88.27304455142956,86.35751724935542,88.13409501218538,20097300
2022-12-28,85.37493133544922,87.37978756410344,85.29553701156534,86.3277389438716,19523200
2022-12-29,87.78670501708984,88.18370690708726,85.96050692415548,85.97043405375527,23333500
2022-12-30,87.568359375,87.63783413641092,85.9208042155681,86.32773322681854,23986300
2023-01-03,88.45167541503906,90.36720229209452,87.8561688679161,88.91814443775428,28131200
2023-01-04,87.41947937011719,89.97020633006692,86.6155485078444,89.67245303705022,34854800
2023-01-05,85.55358123779297,86.9133103030513,85.25583548783042,86.81406171973046,27194400
2023-01-06,86.68502044677734,87.03240180139032,84.22362258367278,86.13914952357796,41381500
2023-01-09,87.35992431640625,89.37470746783313,87.20112811279385,87.69737855387638,29003900
2023-01-10,87.75692749023438,88.00505271446971,85.18635380180301,85.3352304507804,30467800
2023-01-11,90.83368682861328,90.91308872474838,88.34251480787275,88.51123815802363,26862000
2023-01-12,90.44660186767578,91.18105796596775,89.07695338835796,90.79398323111313,30258100
2023-01-13,91.42918395996094,91.49865871880165,89.45410175315347,90.1687035996184,26329200
2023-01-17,90.60541534423828,91.5582153760755,89.37471624963791,91.36963776683697,32602400
2023-01-18,90.43667602539062,92.10407767971552,89.96027230750627,91.44902351414707,29116700
2023-01-19,92.35221099853516,92.90800907477109,89.9503530858423,90.03968210362642,37000400
2023-01-20,97.2849349975586,97.56284161050858,94.3074322941516,94.38683418356587,63191100
2023-01-23,99.04167175292969,99.28979699304459,96.76884364481533,97.21546604814961,40005100
2023-01-24,96.96733856201172,98.86301898722769,96.47108809327639,97.36434045143623,33078500
2023-01-25,94.50592803955078,95.43888122108494,93.05687777021532,94.8533018075113,42330000
2023-01-26,96.7886962890625,96.83832436901237,94.66474470873614,95.7763485788492,30114000
2023-01-27,98.62481689453125,99.56768971813064,96.58025989693051,96.58025989693051,33879800
2023-01-30,96.21305084228516,97.55292569844815,95.67709938538358,96.74900229918671,27226200
2023-01-31,98.09879302978516,98.1384939775665,96.09394438600727,96.14357246377932,29870700
2023-02-01,99.67687225341797,100.43117510729803,96.84824601659454,97.96976938145957,35531100
2023-02-02,106.93205261230469,107.04122832500863,104.81802826774744,105.00660587554181,69883800
2023-02-03,103.9942398071289,107.00151622763376,101.81074092493904,102.15811471453551,65309300
2023-02-06,102.12834930419922,103.57739978303069,101.11599409443309,101.6320988290303,31999600
2023-02-07,106.83280944824219,107.36876090901447,102.34670815863325,102.44595674643955,49010200
2023-02-08,98.62481689453125,102.36654194573852,97.30478888374736,101.28471960228619,94743500
2023-02-09,94.29751586914062,99.27986722656759,92.92785973388537,99.25009341009356,119455000
2023-02-10,93.86080932617188,96.02446157990344,93.54320934269664,94.73420738768355,54980700
2023-02-13,93.90052032470703,94.48609228073913,93.13629031339872,94.0295427288713,50076100
2023-02-14,93.96998596191406,94.13870929839328,91.56813558981159,93.7218607357337,54726100
2023-02-15,96.21305084228516,96.39170132791901,93.44397210105132,93.78141881159203,50169000
2023-02-16,94.79376220703125,96.94748732289182,94.02953228064146,94.65481268808418,42462600
2023-02-17,93.64246368408203,94.84338893217922,92.51101320001753,94.1387141620816,34284100
2023-02-21,91.1016616821289,92.40183548316473,91.03218691960443,92.30258690415565,33629300
2023-02-22,90.96270751953125,91.41925701744177,89.9305056916628,91.0123280204154,30884000
2023-02-23,90.20840454101562,91.2505334957778,89.08688127056686,91.23067923772057,41206400
2023-02-24,88.46160888671875,89.21591174546491,87.91573789556128,88.76928933704684,36585100
2023-02-27,89.19606018066406,89.48388635539742,88.67002833376313,89.19606018066406,27502300
2023-02-28,89.38462829589844,90.54586009940378,88.65017975286173,88.6601068820352,30142000
2023-03-01,89.682373046875,90.34734676668697,88.99754507060825,89.30522546821602,31111200
2023-03-02,91.3100814819336,91.58798051837316,88.91815071281441,88.98763304410512,32204400
2023-03-03,92.94771575927734,93.02711765283779,91.75671007241478,91.78649146163595,35160100
2023-03-06,94.41661071777344,95.25031543626798,93.29508739318105,93.31493408001563,32639300
2023-03-07,93.15613555908203,94.95255977422711,92.8286084430734,94.26773929878661,27835500
2023-03-08,93.543212890625,95.24038857658361,93.29508765749337,93.41419049538177,34103300
2023-03-09,91.627685546875,94.81361262324073,91.21083697363413,93.34471548738784,28813500
2023-03-10,89.95036315917969,92.0941689599083,89.72209216895389,91.4788156121773,35941000
2023-03-13,90.4267578125,91.87580822116699,88.74942886454899,89.41440265175312,37335600
2023-03-14,93.26531219482422,93.65238694590275,91.74678700641138,91.86588227001643,36050200
2023-03-15,95.38926696777344,96.20311744437676,91.94528745764846,92.52093982631897,50622100
2023-03-16,99.56770324707031,100.43118187106681,94.78384857477023,95.47859626843504,65492000
2023-03-17,100.85795593261719,102.06880081103279,99.34935014846303,99.50815394560844,61028500
2023-03-20,100.46095275878906,100.98697707895346,99.12107791886092,99.36920316966915,32960400
2023-03-21,104.13319396972656,104.31184443694538,100.46094362067213,100.49071743651176,42110300
2023-03-22,102.5948257446289,105.79067243730059,102.55512479803791,103.4880705402918,43427400
2023-03-23,104.80810546875,105.50286072122793,103.67665491959242,104.27215401301507,40797800
2023-03-24,104.64930725097656,104.69892775737729,103.06129960251988,104.20267726028,30393300
2023-03-27,101.691650390625,103.97440569344221,101.16562607817814,103.83545616080272,31120900
2023-03-28,100.27236938476562,101.6817189110704,98.9920422554838,101.67179935357876,32057900
2023-03-29,100.62966918945312,101.7214187034689,99.89522061779614,101.5129944157898,28779600
2023-03-30,100.13341522216797,100.4013947056614,99.03173861709708,100.15326948059464,33086200
2023-03-31,102.95211791992188,103.11091412057462,100.28228817356023,100.5403405183242,36863400
2023-04-03,103.57740783691406,103.74613119426743,101.16563003717293,101.62217960116656,25035400
2023-04-04,103.93470764160156,104.7882591214197,103.25980664761006,103.5476328510075,24420100
2023-04-05,103.68656921386719,105.30434293895682,102.88264591587884,104.98674295697049,28290500
2023-04-06,107.6069564819336,108.35133223109835,103.54763103113567,104.47065726298723,48711500
2023-04-10,105.64179992675781,106.78316992246287,104.33169902046775,106.17775133008297,27067400
2023-04-11,104.55998229980469,105.9296385713799,103.89500842509663,105.75098808257366,26311800
2023-04-12,103.85530090332031,105.94947855596209,103.55754758342394,105.78075520837217,24370300
2023-04-13,106.62437438964844,106.68392202189075,105.04629398559699,105.04629398559699,24843600
2023-04-14,108.05357360839844,108.12304836716059,106.0387904599343,106.0884185328419,26578000
2023-04-17,105.1753158569336,105.36389344076198,103.73618508699691,103.87514217183609,37571200
2023-04-18,103.71634674072266,105.74104953791142,103.28957103976354,105.69142146275153,26596400
2023-04-19,103.39875793457031,104.19276178994863,102.29708118201934,102.80325882912756,20905700
2023-04-20,104.50042724609375,105.45322726139375,103.09107769672384,103.13077864388401,27820800
2023-04-21,104.61952209472656,105.20509398319376,103.99424168995147,104.67906972482673,25800100
2023-04-24,105.1753158569336,105.83036247772712,103.91483554215525,104.69891211911788,23542800
2023-04-25,103.07121276855469,105.88991914772265,103.06128563974681,105.03636780258014,46664100
2023-04-26,102.93228149414062,105.55248362236856,101.86037855836139,104.13320683856327,53347600
2023-04-27,106.7831802368164,107.55733738673939,102.76355568188747,103.6667276651916,50089200
2023-04-28,106.53504943847656,106.54497656828984,104.3019222779164,106.23730369371071,36139800
2023-05-01,106.39610290527344,107.18017959460664,106.018955255746,106.03880194374992,26681700
2023-05-02,104.53018951416016,106.39608839144185,102.93226253537539,106.33654076337154,30997200
2023-05-03,104.61952209472656,106.68391818406765,104.17289215243281,104.7386173549269,21795400
2023-05-04,103.9049301147461,104.80810206984134,103.1903281969406,104.69892635616654,23419500
2023-05-05,104.7783203125,105.08599317017097,103.32926989883089,104.03394463322047,26639300
2023-05-08,106.9618148803711,107.15039246780319,104.37139458934332,104.39124127488218,26511400
2023-05-09,106.54496765136719,109.32397313635732,106.3861714485516,107.57716947230122,36360100
2023-05-10,110.91197967529297,112.09305821305404,107.12062640001808,107.1603273461475,63153400
2023-05-11,115.6958236694336,117.03569830119834,113.55202577304613,114.53459949338286,78900000
2023-05-12,116.62879180908203,117.14488898483823,115.23928892825631,115.80501418168475,41102300
2023-05-15,115.63628387451172,117.59151189110723,115.14003341637807,115.2392819935686,36266800
2023-05-16,118.6137924194336,119.84449149553303,115.55688763062979,115.6164352654177,45035600
2023-05-17,119.93380737304688,120.75758495283628,117.99843361058363,118.71303548354885,33323600
2023-05-18,121.90888977050781,122.38528597148938,119.92388793132871,120.04298319548356,35234200
2023-05-19,121.83942413330078,125.02535141510835,121.23399792123767,122.62350082715598,41353400
2023-05-22,124.11225128173828,125.48189991592048,121.81956885585257,122.01807359628725,35253000
2023-05-23,121.64092254638672,123.69539935419489,121.29354870394221,123.22893023558761,34046300
2023-05-24,119.99336242675781,120.99579047353133,118.96116056401159,120.21171384013235,34182600
2023-05-25,122.55401611328125,124.38021415921419,121.04541048455478,123.58621039965489,42317000
2023-05-26,123.67552947998047,124.32065653625295,121.53172404476982,122.2463258565067,35635900
2023-05-30,122.74258422851562,124.71766646734785,121.08510954631166,124.69781220896813,35076700
2023-05-31,121.94859313964844,123.12966410835033,121.58136506611656,121.82949030094537,37325800
2023-06-01,122.79222106933594,123.4869687186112,121.70047151811134,121.89896868299529,30772700
2023-06-02,123.7350845336914,125.2039891873368,122.83191265844434,123.06018362345124,26980100
2023-06-05,125.06504821777344,126.4743977650919,122.91131537751194,123.08004629574243,32305500
2023-06-06,126.35528564453125,127.32793227447583,124.41991194155317,125.06503903327281,26638300
2023-06-07,121.58136749267578,128.07231710182637,121.20421985419401,126.01784799150856,52539000
2023-06-08,121.22406768798828,122.30589768119812,120.33081530189335,121.31339671268852,29389200
2023-06-09,121.31339263916016,122.83191785844093,120.99579264278889,121.33323932610408,23778300
2023-06-12,122.71281433105469,123.11974334684123,120.74766673085075,121.86919005532346,28306400
2023-06-13,122.9013900756836,124.22141810946202,122.25626296673931,124.04276764194177,22278300
2023-06-14,122.74258422851562,123.11973941592123,120.53923102358297,122.17685901958812,30592300
2023-06-15,124.15193176269531,124.51915981522143,121.48210953773676,122.21655807060819,35246300
2023-06-16,122.6036376953125,125.1642918916508,122.35551246478781,124.98564142278578,45535600
2023-06-20,122.1768798828125,123.63585766344333,121.22407976676796,122.0081565186778,26097500
2023-06-21,119.64600372314453,121.74018152895985,119.1993737106323,121.48212913765381,30306300
2023-06-22,122.22648620605469,122.31580765157227,117.9388826610508,119.10010688586456,26952200
2023-06-23,121.42256927490234,121.86919927030634,120.15216920049242,120.4697692190949,34913600
2023-06-26,117.45256805419922,121.0851254524191,117.38309328510559,119.85442629753989,33969900
2023-06-27,117.44263458251953,118.18701026555762,115.22935421985997,116.20200844412273,39535900
2023-06-28,119.27876281738281,119.48718710532653,115.97373288245846,116.21193098693968,27091400
2023-06-29,118.20686340332031,119.15966342094775,117.41286717472148,118.34581293262964,24090900
2023-06-30,118.8023681640625,120.17202440747063,118.79244860590867,119.26884485147357,29532200
2023-07-03,119.00086975097656,119.28869594561498,117.9289668686366,118.34581546548606,14467900
2023-07-05,120.83699035644531,121.69054177705794,118.33589130053984,118.34581085804417,27584800
2023-07-06,119.20927429199219,119.39785187119998,117.51209879566314,118.90160146038399,24745200
2023-07-07,118.5840072631836,120.14223332598381,118.50460537627106,119.19935295630401,21709500
2023-07-10,115.57672882080078,117.42278113323385,115.26905595945563,117.41286157602863,35315200
2023-07-11,116.26156616210938,116.8272914274114,114.48498846913382,115.41794182924588,23078800
2023-07-12,118.03812408447266,119.42762676172906,117.52202698432735,117.90910170248144,30404400
2023-07-13,123.60606384277344,123.89389001441005,119.54673119638662,120.02313496341503,44297900
2023-07-14,124.47947692871094,125.82927893055157,122.56394964464167,123.86413113846548,33283100
2023-07-17,123.71524810791016,126.14687246896142,123.26861812563564,124.99557527494002,25716200
2023-07-18,122.83192443847656,123.7450235304355,122.03792061892348,123.66562163404387,26193600
2023-07-19,121.11488342285156,124.24126276731612,120.88661245663589,123.6656104289081,37224000
2023-07-20,118.30611419677734,123.15944340000809,117.3334674734311,120.50946759155578,37906800
2023-07-21,119.1199722290039,120.08269945533341,117.83965254297082,119.71547891444875,72937900
2023-07-24,120.6186294555664,122.07760694524137,120.07275852066441,120.74765941479362,29686100
2023-07-25,121.29354858398438,122.22650196463995,120.11246994865928,120.44992423254439,52509600
2023-07-26,128.30059814453125,129.99776623656712,127.35772529958219,129.09460190925336,61682100
2023-07-27,128.4296112060547,132.24082619562287,127.82418504749104,130.6825925035767,44952100
2023-07-28,131.5857696533203,132.73707431896543,129.59084831881933,129.799265024623,36591200
2023-07-31,131.72470092773438,132.52862411321212,130.79174779838897,131.73462048327818,28055500
2023-08-01,130.56350708007812,131.6354099568871,129.70002092843689,129.79927708428264,23166800
2023-08-02,127.41728210449219,129.11445031870784,126.60342402236246,128.4792502900743,26273300
2023-08-03,127.48674011230469,128.41969339996243,126.46446537651686,127.01034391124875,20089500
2023-08-04,127.14929962158203,130.52379685517826,126.9508024568463,128.31052393686713,26147200
2023-08-07,130.54364013671875,130.62304202480823,128.05246836840342,128.1914178864696,22746300
2023-08-08,130.4146270751953,130.52380279242055,128.56857458489054,129.64047749645752,23535200
2023-08-09,128.6876678466797,131.04980964495556,128.0326136306667,130.67266960839547,24912900
2023-08-10,128.7174530029297,131.0597558939105,128.47924731856517,130.33523442746744,20857800
2023-08-11,128.58840942382812,128.95562989704715,127.20883382963942,127.6951647046181,19591100
2023-08-14,130.34515380859375,130.3848471837526,127.99293136308722,128.4196995095872,24695600
2023-08-15,128.80677795410156,130.43447898056363,128.31052745646844,130.11688653714737,19770700
2023-08-16,127.73487091064453,129.30302424952546,126.91110086620327,127.73487091064453,25216100
2023-08-17,128.9457244873047,131.00020876899563,128.32044402863997,128.82662921684016,33446300
2023-08-18,126.5041732788086,128.28075093151222,125.43227040921398,127.546294758541,30504800
2023-08-21,127.40733337402344,127.76463429731196,125.6109092007312,126.22626247354604,25248700
2023-08-22,128.1120147705078,129.3030127917116,127.35771955742976,127.54628200242816,22054900
2023-08-23,131.3773651123047,132.4095747320539,128.89611237455253,129.20378529093543,27819700
2023-08-24,128.80677795410156,133.24325861449066,128.59836122593913,132.94550528703812,28500700
2023-08-25,128.90602111816406,129.77941160779702,126.2957389175236,128.5685593040722,26762900
2023-08-28,130.02752685546875,131.54605189710958,129.1640559890661,130.32528013006436,20543300
2023-08-29,133.56085205078125,135.54585383099212,131.24832315951218,131.24832315951218,43075600
2023-08-30,134.86102294921875,135.2580172391428,133.06459879911617,133.76926593538553,28315800
2023-08-31,135.1488800048828,136.96515892975344,134.77172472105315,134.99007618596866,30053800
2023-09-01,134.64268493652344,136.4291897075704,133.83876157564302,136.4291897075704,21543700
2023-09-05,134.7518768310547,135.39699647990017,133.5707981143506,134.4243496549999,19403100
2023-09-06,133.45167541503906,135.50614436814033,132.66759123648941,134.99997436969198,18684500
2023-09-07,134.2456817626953,134.56328935661423,131.95300684241127,132.58820688588548,18844300
2023-09-08,135.35728454589844,135.6351836006342,133.8387593023914,133.8983069363544,23558300
2023-09-11,135.8932342529297,136.4490323863561,134.77170328374638,135.51607902909177,20763400
2023-09-12,134.3250732421875,135.84359846496358,134.17620415931236,135.23817228733398,18405500
2023-09-13,135.68479919433594,135.8733616364172,133.14398427221744,134.0769375034417,20749500
2023-09-14,137.06439208984375,137.65988359424148,135.21833965192076,136.56814159733074,24751000
2023-09-15,136.36961364746094,137.48122492138967,135.45651466326473,136.94526597009013,38919600
2023-09-18,137.17355346679688,138.11642627515133,135.58554599898608,135.58554599898608,21861300
2023-09-19,137.00482177734375,137.3720574197808,135.59547227341233,136.38947604665375,20353700
2023-09-20,132.73707580566406,137.04452607661787,132.61796539950902,137.04452607661787,29927500
2023-09-21,129.4618377685547,131.23840796235106,129.09461723083658,130.45433880616167,31503900
2023-09-22,129.27325439453125,131.03990495129133,128.62813480654572,129.77942444921084,26397300
2023-09-25,130.12680053710938,130.1863481711838,127.99292954617495,128.85640052897944,20094600
2023-09-26,127.60586547851562,129.38243566958448,126.26598302205768,128.7968636929427,25718700
2023-09-27,129.56105041503906,129.9183513161121,127.60583773191125,127.60583773191125,22746500
2023-09-28,131.3177947998047,132.30037616629912,128.81668823150392,128.86631630656447,22513100
2023-09-29,129.878662109375,133.04474225061801,129.38241168333343,132.28051235409288,30859800
2023-10-02,133.16384887695312,133.41197411116025,130.1863460664677,130.2260545847838,22288000
2023-10-03,131.4368896484375,133.2531681504959,130.85131773991853,132.93557573096578,22989400
2023-10-04,134.22581481933594,134.5533419035272,131.53613096426483,131.79417572255468,26752300
2023-10-05,134.05712890625,134.47397754489367,132.44926684935047,134.05712890625,19832600
2023-10-06,136.54827880859375,137.123931161278,133.00504324406194,133.00504324406194,27597600
2023-10-09,137.38198852539062,137.89809329303546,134.59306309945669,135.9130912652546,19278100
2023-10-10,137.02468872070312,138.6722440524293,136.3001672148192,137.46139159362946,27786600
2023-10-11,139.49600219726562,140.05180026889775,137.54077424532727,137.54077424532727,25884300
2023-10-12,137.92787170410156,140.16099905970523,137.22318929725753,139.99227569905,24765500
2023-10-13,136.32992553710938,138.9501273324613,135.59546941209604,138.33478161475625,23420500
2023-10-16,138.056884765625,138.58290904447986,136.9552081327783,137.13385103003665,28501900
2023-10-17,138.67222595214844,138.85086884355698,136.1512652036196,137.5904036136543,23515800
2023-10-18,136.92543029785156,139.66472731928488,136.34977796075492,138.40424694073948,23375000
2023-10-19,136.71701049804688,138.61269101146914,136.3497899802919,137.4613862357858,26066000
2023-10-20,134.5831298828125,136.83609605175457,134.06702516754572,136.30015222216522,26335700
2023-10-23,135.4763641357422,136.62766874033358,132.94548397466383,134.02730625143084,26317900
2023-10-24,137.76905822753906,138.31493679389348,136.38948247495046,136.79641151026584,44814300
2023-10-25,124.66803741455078,127.3477867890197,124.13208602522081,127.19891771324542,84366200
2023-10-26,121.36302185058594,123.39765194257097,120.36059371391482,122.34559572670734,57061100
2023-10-27,121.25382995605469,122.38528034661036,119.30852915172775,121.9585046679144,44566500
2023-10-30,123.52666473388672,124.45961803038976,121.82948905369454,122.2860385724438,28940100
2023-10-31,123.14952087402344,124.42984802046038,121.76994514607122,124.12216757392719,26292300
2023-11-01,125.50174713134766,125.54144807960145,122.79222366961514,123.13959750160885,30082400
2023-11-02,126.53394317626953,128.01276746198673,125.97814507096508,127.45696935668228,27124600
2023-11-03,128.13189697265625,128.55866517271366,126.90119016720321,127.05999397649356,26393100
2023-11-06,129.27325439453125,129.36257584929294,127.70510100758493,128.08225623128538,19052700
2023-11-07,129.98785400390625,130.9208073441977,128.90603157499936,129.72980920218515,29757300
2023-11-08,130.851318359375,131.21855399990926,129.7992698016351,129.98784740054361,26425800
2023-11-09,129.2633056640625,131.55598001837535,129.0945823505806,130.9704081990511,23747800
2023-11-10,131.595703125,131.80413499720473,128.43955723420933,129.1243853429863,26913300
2023-11-13,131.09945678710938,131.59570729972106,130.26575956056902,130.79178389238834,18324800
2023-11-14,132.6179656982422,134.68236939202447,132.3202275430886,133.1836984817578,32395200
2023-11-15,133.6104736328125,134.01740265875648,132.56835974620077,133.8585988714082,23861500
2023-11-16,135.9031524658203,136.1909862320152,133.3127394362453,134.17621044610362,28013200
2023-11-17,134.29530334472656,135.03967906955006,132.64774810580346,134.98013143466227,37240600
2023-11-20,135.228271484375,135.6352005598195,132.61798881062674,132.68747115517974,27815500
2023-11-21,135.94285583496094,136.15127255285424,134.9404353311043,135.2679473163652,22635300
2023-11-22,137.45147705078125,138.37449576593937,136.43912173063663,136.43912173063663,17813900
2023-11-24,135.66494750976562,137.0941511979509,134.9701999236649,136.994895052353,12514300
2023-11-27,135.38706970214844,137.38199132880567,134.9801406435023,135.0099144629775,23436500
2023-11-28,136.17111206054688,136.22074013136128,134.40446177895313,135.0595159672369,18730000
2023-11-29,133.9777069091797,137.25294788509495,133.8288226820438,136.53836114342,23967200
2023-11-30,131.53614807128906,134.53350514378005,130.29552189907486,134.03725467489437,38988300
2023-12-01,130.87118530273438,131.1193105581131,129.6901066640334,130.87118530273438,31442300
2023-12-04,128.30059814453125,129.05489339161807,126.94086915840347,128.90602431139112,36669900
2023-12-05,130.0076904296875,131.14906033747008,127.28823267724465,127.98298023608452,27384800
2023-12-06,129.04498291015625,130.85132683618656,128.9060333773847,130.45433249808588,23576200
2023-12-07,135.9031524658203,137.52093391588886,133.68987951198724,134.02732621189014,56767100
2023-12-08,133.9777069091797,135.37712172033739,133.02489934634232,133.19362268827305,32260100
2023-12-11,132.29046630859375,132.34009439297435,130.3749464352963,131.3873018080732,31138000
2023-12-12,131.52622985839844,132.00262607297714,130.2756689716308,130.82154752185775,29032800
2023-12-13,131.5758819580078,132.49890073880297,130.5833808288782,132.37980544950435,30104800
2023-12-14,130.9506072998047,132.71725817769408,128.71747965866032,132.37981141323567,38722400
2023-12-15,131.60560607910156,132.5087702558093,130.19624168094646,130.63294443593992,50847100
2023-12-18,134.7816162109375,136.12148324947407,131.43687810405666,131.6353903862347,32258000
2023-12-19,135.62525939941406,136.43911751155446,135.05954168860268,135.8138370178058,25476800
2023-12-20,137.3026123046875,140.63741694079442,137.03464788476535,137.92789290657205,49107200
2023-12-21,139.36697387695312,139.63495335905975,138.1362673150206,138.44395531377506,27488300
2023-12-22,140.42897033691406,140.9252208312421,139.65482077731141,139.71436841353267,26532200
2023-12-26,140.458740234375,141.6100298393638,140.13121309993724,140.52820742657298,16780300
2023-12-27,139.31736755371094,141.01455101287016,138.8409712900939,140.52822004635922,19628600
2023-12-28,139.17840576171875,140.0815852724405,138.70200954003505,139.72428432008698,16045700
2023-12-29,138.64248657226562,139.30746051827444,137.73930690085263,138.58293892700596,18733000
2024-01-02,137.1338348388672,138.40423466169574,135.45650605006813,137.51098999214332,23711200
2024-01-03,137.8782196044922,138.58290188858055,136.05202163090297,136.2207449621666,24212100
2024-01-04,135.3671875,138.1164190375322,135.32749413034747,137.38196297189364,27137700
2024-01-05,134.712158203125,136.13144252624735,134.13650579847908,135.72451347642397,22513900
2024-01-08,137.79879760742188,137.96752091406267,135.23814390876387,135.26791771909112,21404000
2024-01-09,139.8930206298828,140.42897968026014,137.11401464787397,137.46139607476167,24759600
2024-01-10,141.2130126953125,141.92761448328065,139.85329144470995,139.94261288211587,21320200
2024-01-11,141.01454162597656,144.13099411000476,139.58533778589887,142.4139716480829,24008700
2024-01-12,141.58026123046875,142.12613980794654,140.75649872961355,141.60011549083978,18785500
2024-01-16,141.4214630126953,143.26751534885753,140.38925356432378,140.93513210487004,22670500
2024-01-17,140.40911865234375,140.77633917868644,137.85838379541343,140.2900233777166,20968600
2024-01-18,142.40402221679688,143.12855876412843,140.92520559596517,140.98475322574876,25746400
2024-01-19,145.28231811523438,145.35178531824096,143.2973158844783,143.654616891789,34271900
2024-01-22,144.89520263671875,147.27719858762836,144.7463184245613,145.99687917149566,32200400
2024-01-23,145.93731689453125,146.07626640639913,144.40887226398453,144.795946985928,21636100
2024-01-24,147.58486938476562,148.72625441809143,146.98937797744674,147.42606561840296,25233500
2024-01-25,150.7311248779297,151.9022839551748,148.41859568681784,148.94463515959285,29149100
2024-01-26,151.04872131347656,151.39608755777192,149.87756232275885,149.9668989175663,26115500
2024-01-29,152.35882568359375,152.62680519863352,150.29442175069474,150.91970223766634,27784300
2024-01-30,150.32418823242188,152.46797859903648,150.05620875745953,151.6541357617942,36331800
2024-01-31,139.04937744140625,142.92012476265015,138.8210913381924,142.54296958721974,71910000
2024-02-01,140.10142517089844,141.98717074902015,139.73418955416935,141.05421751659907,40466500
2024-02-02,141.31228637695312,141.55047690627347,135.47637609880854,138.21567319652831,62499600
2024-02-05,142.60250854492188,144.37909346860508,141.70926387721508,141.7489723902992,38505400
2024-02-06,143.01939392089844,144.2699396743933,142.11621441563744,143.56525733160348,29128200
2024-02-07,144.44859313964844,144.52799503931547,142.85066587671363,143.67444354834973,25208900
2024-02-08,144.81582641601562,145.2326750240787,144.01190301872515,144.73642451766594,22563800
2024-02-09,147.88262939453125,148.31933219973374,145.0837696762943,145.58002011050414,26829500
2024-02-12,146.4236602783203,148.2200845297744,146.26485649564665,147.30698549594433,21564100
2024-02-13,144.0515899658203,145.57011523611322,142.61246659033287,143.83323854119595,27837700
2024-02-14,144.8455810546875,145.42123338322318,143.00944836635193,144.9845305723091,22704200
2024-02-15,141.6993865966797,142.4437624233043,139.40671147377435,142.06660715828437,37590700
2024-02-16,139.4662322998047,142.1162079157189,139.08907710730534,141.9177107623263,31468900
2024-02-20,140.0617218017578,141.01452932682773,138.44395563708255,138.6126789723254,25144700
2024-02-21,141.4810028076172,141.61995232438937,139.62501587257833,140.38924578700608,23223300
2024-02-22,143.0094757080078,143.9126553174059,141.72915598973884,143.84317297313012,27191900
2024-02-23,142.88043212890625,143.59501882359496,142.35439273418308,142.5925983953203,19493800
2024-02-26,136.5383758544922,141.37185109123465,136.35971779155244,141.07409774924443,53641800
2024-02-27,137.83853149414062,138.20575198535647,136.06194638095468,136.98498010411188,33099200
2024-02-28,135.35728454589844,136.9750507978896,134.3945574118629,136.8658750875032,37328600
2024-02-29,137.4217071533203,137.81870153032756,135.37714219307526,136.25054799572888,42133000
2024-03-01,136.11158752441406,137.82861002648335,135.89323609127652,137.39190716020826,31151100
2024-03-04,132.34999084472656,134.6426653234506,130.92078723607764,134.6426653234506,55999400
2024-03-05,131.6750946044922,132.2408273954596,129.69009277405854,130.89102554499024,40194800
2024-03-06,130.4146270751953,132.57828715901485,129.86876363343262,132.12173002942825,35318600
2024-03-07,133.3722686767578,133.92806672802465,130.6230370899261,131.79418082018677,37738200
2024-03-08,134.39454650878906,137.0544415724304,132.99511664674006,133.20354849306366,39370400
2024-03-11,136.6376190185547,138.0569034084444,135.10917405073008,135.10917405073008,32437800
2024-03-12,137.46139526367188,138.33480103284336,136.00241751033502,136.00241751033502,27563400
2024-03-13,138.74171447753906,140.0319688654746,137.94772575668406,137.9576453151673,23347200
2024-03-14,142.02687072753906,142.51318642779833,139.406669217812,140.13119056235934,42753400
2024-03-15,140.1212921142578,142.1062942304719,138.97992195518043,141.43140078025397,49475400
2024-03-18,146.5725555419922,151.00903668153742,146.066385431709,147.49558944234974,69273700
2024-03-19,145.9274139404297,147.6742101661268,144.98454106374294,147.04894486376466,24070400
2024-03-20,147.62460327148438,147.74369854454548,145.63960128386148,146.89014708409312,21311500
2024-03-21,146.49313354492188,149.24235003352564,145.79837082481882,148.34910531390932,24755600
2024-03-22,149.63938903808594,150.44331247348805,147.86280366006199,148.0017532026702,29211800
2024-03-25,148.9446258544922,149.25229872799846,146.71149870171885,148.81559588391366,19229300
2024-03-26,149.5401153564453,151.1181882221387,148.85528728225617,149.09349296069317,22149100
2024-03-27,149.7386016845703,150.50283159628924,147.78337375554537,150.0462745317352,22879200
2024-03-28,149.7981719970703,150.294422508123,149.04387667224117,149.71878524234197,24485400
2024-04-01,154.32398986816406,154.57211512447668,149.48058001874543,149.55998191808914,31730800
2024-04-02,153.40093994140625,153.53988946458512,151.0090090869194,152.34889138814307,24586000
2024-04-03,153.75823974609375,153.9170435269461,151.58466032180885,152.44814641496717,24705000
2024-04-04,149.40118408203125,153.6093940490146,149.3217821795186,152.34891345621864,34724700
2024-04-05,151.35641479492188,152.26951397177075,148.47816771886264,148.90493591423527,23459200
2024-04-08,153.6887664794922,154.1056150294735,151.4655590685636,151.63428239991117,20702000
2024-04-09,155.42564392089844,157.37093716554625,154.02621404495505,154.91945877952742,31079500
2024-04-10,154.96910095214844,155.43557761990488,153.52004287147383,155.03858328938844,22838600
2024-04-11,158.21458435058594,158.48254871038773,155.28670949781988,155.73333190851926,27166400
2024-04-12,156.5471649169922,159.0184976446993,155.9615930124083,156.7754510311415,25353700
2024-04-15,153.69871520996094,158.0458747117583,153.43073568254982,157.66871946165114,27136500
2024-04-16,153.24215698242188,154.48278330237142,152.2794297465919,153.03374024151432,20779500
2024-04-17,154.3041229248047,155.902050049897,153.42079769070784,154.45299200861103,21763100
2024-04-18,154.84007263183594,155.76310641946125,153.4604968736819,154.17509879172633,19883000
2024-04-19,152.93447875976562,155.18746031886693,151.15790859489965,155.02865652078847,32615600
2024-04-22,155.10804748535156,156.45784938513543,152.90469416152254,153.15281939939192,26446200
2024-04-23,157.07318115234375,157.77786342870908,155.10803368370046,155.78294214571977,21151600
2024-04-24,157.93667602539062,158.37337885267914,155.991367561386,156.30897512463662,22779100
2024-04-25,154.8301239013672,155.31645474251425,149.7385899807231,150.1951470095918,57109700
2024-04-26,170.66053771972656,173.399850072579,168.37778247380382,173.06238823512538,64665300
2024-04-29,164.90403747558594,168.27855001097527,163.9710992433676,167.79221906197557,45610000
2024-04-30,161.55929565429688,166.83940772348186,161.38065276118826,164.3680750249459,33562900
2024-05-01,162.63121032714844,165.86675805283966,161.86698033617475,163.0679131791334,33493200
2024-05-02,165.37051391601562,165.47968963320443,162.66099039133817,163.5542352451639,24294500
2024-05-03,165.98585510253906,166.70045695836217,161.82727393012354,166.303447513815,34662400
2024-05-06,166.8394012451172,166.87909461614606,164.7849171879721,166.20420129812592,21871300
2024-05-07,169.96580505371094,170.4719751379582,167.12725144090797,167.2364271623375,28039700
2024-05-08,168.1098175048828,168.87403234038655,167.4746174960537,167.73266229376583,19569100
2024-05-09,168.68545532226562,169.4099767203528,166.9187898325422,168.11972255441077,15346700
2024-05-10,167.38528442382812,168.57629771677423,164.94374049088748,166.76993866167226,29799900
2024-05-13,167.87161254882812,168.0105620780994,162.77015819649304,163.02820299532175,31327600
2024-05-14,169.06260681152344,169.96578630331507,167.5341620244905,168.49688914969917,25127100
2024-05-15,171.21632385253906,171.35527337198997,169.23132206360498,169.35043246910703,26948400
2024-05-16,172.8738250732422,173.80677848039133,171.3950082058099,171.990499747309,27867900
2024-05-17,174.73973083496094,174.94816271706677,172.38750821426203,172.87382403190227,24479300
2024-05-20,175.59324645996094,177.42937906819694,174.75954939060057,174.8687250885664,22554400
2024-05-21,176.51629638671875,176.81403455010823,174.49158600949627,175.57340838811095,16989400
2024-05-22,175.05731201171875,175.82152679389606,173.89608778649955,175.31535679142465,17880000
2024-05-23,172.24853515625,176.91328638262783,171.6530285552818,175.74214258358214,21024900
2024-05-24,173.677734375,174.45188384954722,172.34777168660725,173.6677996738125,16579400
2024-05-28,175.07716369628906,175.94064983167806,173.06238795431943,173.14178984862892,20572200
2024-05-29,174.58091735839844,175.51387070822295,173.40977346435537,174.11444068348618,23388700
2024-05-30,170.81935119628906,173.90602997495594,170.50174360052324,173.88617571412965,22931500
2024-05-31,171.2064208984375,171.7622190301401,168.16937028994596,170.57122087015406,37638900
2024-06-03,171.87139892578125,173.22120091176382,169.8764773378859,171.24611844022382,27459100
2024-06-04,172.48672485351562,172.5462876288162,170.60097920010114,171.98055484617473,26879600
2024-06-05,174.0946044921875,175.32529604295863,172.62569210446975,173.88617261813178,22068500
2024-06-06,175.4047088623047,175.8215574920083,174.43206205966288,174.58093116156974,23251000
2024-06-07,173.15170288085938,176.53611922911327,172.99289911211454,175.7222764169276,19661400
2024-06-10,173.89695739746094,175.9339227397018,171.66126705733578,173.85721846258227,23726700
2024-06-11,175.49668884277344,175.71529085184466,172.66482398993008,175.0992389145037,21540600
2024-06-12,176.65927124023438,179.26261867901272,174.98996310704376,177.116352369129,27864700
2024-06-13,174.0459747314453,175.6159276488582,173.76775676245995,174.98992963777008,20913300
2024-06-14,175.66561889648438,175.93390595699566,173.04240975410747,173.1119718356913,18063600
2024-06-17,176.11276245117188,177.22563442085436,173.69820932054725,174.34408443003642,19618500
2024-06-18,173.97642517089844,176.26180021913805,172.9927312675741,176.01339021741077,21869900
2024-06-20,175.17874145507812,176.1624353876285,173.8770754332329,174.25464833709086,20160100
2024-06-21,178.48756408691406,179.69980614084275,175.48676694016078,175.87428594679412,57759000
2024-06-24,178.08016967773438,179.73954672974688,177.53366462186347,179.01419374381484,18298000
2024-06-25,182.8595733642578,183.1179143136271,178.27889222308787,178.47761719658297,23130200
2024-06-26,182.7105255126953,183.33650839401088,181.31942043498108,181.4684755299556,19839000
2024-06-27,184.23081970214844,184.86674877735993,182.84966053121667,183.0086314287107,18848900
2024-06-28,180.99151611328125,183.95257416720727,180.802737253132,183.14772821008222,29156600
2024-07-01,181.82618713378906,182.71052611795955,180.1469331256833,181.86592606220148,16006100
2024-07-02,184.06187438964844,184.38977740074063,180.40527139828873,180.89216044416673,17372500
2024-07-03,184.63818359375,184.90645546496816,182.8297515992084,183.6743516250974,10242100
2024-07-05,189.38778686523438,189.6461278026425,184.61831191345988,184.67792788657385,20967500
2024-07-08,187.82777404785156,188.96052307793317,186.58572400777334,188.69223602398804,21035900
2024-07-09,187.77809143066406,190.14295958916762,187.5197504772306,189.09963450972523,15121400
2024-07-10,189.96408081054688,190.53046286697955,187.82776095522303,187.94699289900143,15952500
2024-07-11,184.38980102539062,189.64615049436205,183.90291191713072,188.6425794494634,25625800
2024-07-12,183.89295959472656,185.9199784961909,183.31664658309873,183.90289053636494,22898400
2024-07-15,185.34368896484375,187.0428202283238,183.74392777730802,183.74392777730802,16474000
2024-07-16,182.75025939941406,187.4799801449797,182.20375438973656,186.16838328349618,18290700
2024-07-17,179.86874389648438,182.38265225882662,178.7558566203648,181.80633915338416,20734100
2024-07-18,176.5598907470703,181.33929663243535,175.34764875664283,180.77291456531665,25315700
2024-07-19,176.53009033203125,179.14335328560048,176.0034623321631,177.74233237445245,18881900
2024-07-22,180.51458740234375,181.5380354484916,179.08374329385708,179.44145432097875,24100300
2024-07-23,180.63381958007812,182.44225176435077,180.3854095654304,180.89217569882794,36352700
2024-07-24,171.5320587158203,175.06941429119328,170.7272128324254,172.49589062011188,49585200
2024-07-25,166.21607971191406,172.3170280346565,166.1266557605644,171.42275819767704,44852000
2024-07-26,165.9378662109375,167.02093008211898,163.01656242781235,166.08690613385536,41336900
2024-07-29,168.4517822265625,169.34605213128413,166.92158335005726,167.75623728269647,20293800
2024-07-30,169.2069549560547,170.14097901520392,167.36872998762226,169.15728508367997,18959700
2024-07-31,170.44900512695312,173.14177629603867,168.92873708461033,172.13820531777287,25729100
2024-08-01,169.67396545410156,172.94304963161613,167.80593251440823,169.1672144988525,24531400
2024-08-02,165.6000518798828,167.438276847675,163.62270275190997,165.38144985923282,29130100
2024-08-05,158.2371826171875,163.38423094995542,153.94465019728176,154.51103232007947,53630700
2024-08-06,157.2832794189453,159.54879271884894,155.41524640434096,158.31667357844438,49004600
2024-08-07,157.9291229248047,161.9434213172831,157.4621109742632,160.22442859224762,25138600
2024-08-08,160.99948120117188,162.64892717046854,159.1910643615004,159.48914421954225,25578800
2024-08-09,162.62905883789062,162.74829078749448,158.04837777910737,158.99233275753915,28602300
2024-08-12,161.25784301757812,163.85124425062764,160.81070801086153,163.30475433227653,15895300
2024-08-13,163.11593627929688,163.68230316130368,161.93350232416512,162.37070632388532,18551700
2024-08-14,159.35006713867188,162.1819476510394,156.7069958437738,161.36715544459844,40591100
2024-08-15,160.2741241455078,160.61195808374163,158.59487023369454,159.4792091671549,31524300
2024-08-16,161.92356872558594,164.0102034694482,160.10520584481466,160.44303978023876,24208600
2024-08-19,165.61000061035156,165.62987765847575,163.21532422985317,164.2288414197531,22416200
2024-08-20,166.1167449951172,167.56746621538298,165.7590491136282,165.8385269794626,18341500
2024-08-21,164.7952117919922,165.78885186270244,163.62270862444709,164.09965161309964,22902000
2024-08-22,162.7582244873047,166.5241131721472,162.2713354606225,166.19621017398273,22493300
2024-08-23,164.566650390625,165.12308635947946,162.78804147862647,163.6723804637865,13955700
2024-08-26,165.10321044921875,166.48436931233536,163.41402564106588,165.32181244151707,14190400
2024-08-27,163.6326141357422,165.38143009191396,163.4140273029626,164.78524007744778,11821900
2024-08-28,161.8142852783203,164.54679536636124,160.50267315842373,163.99034421256823,16407400
2024-08-29,160.75106811523438,164.91442188543905,159.23080022153445,163.26497594791422,19699800
2024-08-30,162.34091186523438,162.6191298588304,160.66165779990888,161.58573574397926,22123800
2024-09-03,156.3591766357422,160.82062528392495,155.48476866434984,160.6914472440397,38945300
2024-09-04,155.45498657226562,157.9887717937597,154.9681126394364,155.66365765900977,19353800
2024-09-05,156.23995971679688,158.4358956354768,154.98796360800392,155.30593568698094,18688700
2024-09-06,149.96014404296875,156.82619994728552,149.59250210192843,156.29957197054128,37912100
2024-09-09,147.9602813720703,152.62662386310816,146.47778778010462,151.7411114283819,39260500
2024-09-10,147.91053771972656,150.50738007285446,147.59214370497173,149.6915067964419,31118800
2024-09-11,150.39793395996094,150.7362162140882,146.77628554400584,149.16417992613762,29607700
2024-09-12,153.91014099121094,154.03949046129577,151.88041704126704,153.02462848632382,29621500
2024-09-13,156.6661834716797,157.58154353635638,154.42752668404324,154.64640360263152,29591200
2024-09-16,157.2631378173828,157.45218236116395,155.8105069116596,156.51691894363321,18379800
2024-09-17,158.5167999267578,159.740594664956,157.5815364815847,158.21830933206348,20715600
2024-09-18,159.00433349609375,159.69085736808276,157.8004420763462,159.05408446311074,23677300
2024-09-19,161.32257080078125,162.96424625525552,160.52660096333298,162.88466293518638,26587700
2024-09-20,162.76527404785156,162.90456764484875,161.2429886014312,162.67573141732413,40896400
2024-09-23,161.0340576171875,164.65570636191646,160.8549571722446,163.52145415015693,24150900
2024-09-24,161.47183227539062,162.3971517124366,159.87990754799017,162.2081071402517,23332100
2024-09-25,160.6758575439453,161.9891949013652,160.48681299524299,160.6559541225392,18869200
2024-09-26,161.9095916748047,163.2527917160846,161.46186338833198,162.81500754909376,20319300
2024-09-27,163.1234588623047,164.86463640620642,161.81012140947348,161.98920666955183,21101300
2024-09-30,165.01388549804688,165.31236092462515,162.43693125430474,162.49664152148338,20413900
2024-10-01,166.14813232421875,168.3071905376278,163.75027859535956,166.84460026695353,28338100
2024-10-02,165.02381896972656,166.67545373891107,163.8995109959539,165.58099330587024,17760200
2024-10-03,165.02381896972656,165.79988539247842,163.0935970324702,163.58113216752693,15073100
2024-10-04,166.2177734375,167.3818731227034,164.6457371019136,167.21273199051447,19047400
2024-10-07,162.1583251953125,167.63059671300965,161.9294890009481,166.87443375057973,22463100
2024-10-08,163.55130004882812,163.89952645082283,162.0489028416346,163.11351583433103,23072700
2024-10-09,161.0439910888672,164.00896330918712,158.9346838265827,162.62597153558053,31181800
2024-10-10,161.26287841796875,162.2478928162512,159.59134021317385,160.0589719311791,14144100
2024-10-11,162.4170379638672,163.07369906378534,160.4271208786136,161.31263337427697,15344300
2024-10-14,164.1283721923828,165.3919586438415,162.5762240722605,162.81501959424767,19016100
2024-10-15,164.62583923339844,166.8346331245922,163.8000218608721,164.95416217665158,20247200
2024-10-16,164.3273468017578,164.96411962401345,162.9145075768113,163.7005180988684,16406000
2024-10-17,162.10858154296875,165.53124122104538,161.93944041934847,164.8944683866494,21453400
2024-10-18,162.59613037109375,163.87963544942022,162.2578480953578,162.3672941471386,19757700
2024-10-21,163.2428741455078,163.67069908073404,161.8001719473291,162.12851012597127,20946500
2024-10-22,164.3074493408203,164.93427806644567,162.15833529455813,162.15833529455813,16568100
2024-10-23,161.9593505859375,164.98403306169303,161.11362975074982,163.9293642522353,18280500
2024-10-24,161.899658203125,162.50658353239453,160.198272384398,162.00910425207076,22412500
2024-10-25,164.43679809570312,164.75517692607178,162.59611876941653,162.84485839827352,19828900
2024-10-28,165.87950134277344,167.89926611467047,163.123461731036,167.89926611467047,32138600
2024-10-29,168.82456970214844,169.52105287482345,166.24763054521426,166.8844034485081,42169000
2024-10-30,173.58045959472656,181.10234312249673,173.18246710164854,179.76908724801194,68890800
2024-10-31,170.2473602294922,175.92858030114797,170.13791418034728,172.25718077657928,44769000
2024-11-01,170.4264678955078,171.4512893169235,168.02862898286966,169.21263225699624,31796500
2024-11-04,168.3867950439453,169.86927360734452,167.16298506324307,169.07330370933886,21492700
2024-11-05,168.88426208496094,169.67027262380228,167.98879032144563,168.57581219568198,18242100
2024-11-06,175.6201171875,176.04795723175238,172.62529760518007,172.92378818784377,33695500
2024-11-07,179.83876037597656,180.16709852379773,176.2967103185547,176.51560241710214,25352900
2024-11-08,177.4508514404297,179.98798342551285,177.18220839921253,179.7392438048685,22006200
2024-11-11,179.44078063964844,179.6397693133584,177.5702537066768,177.67969975449668,17450400
2024-11-12,180.70437622070312,181.57000052707394,178.4856227918212,178.91346288473798,25134900
2024-11-13,177.9781951904297,180.04771085332573,177.6398977358846,179.55023156460638,23184000
2024-11-14,174.69482421875,177.9184953896884,173.44118190987194,177.38120927026733,31007500
2024-11-15,171.6204071044922,173.2620826521563,170.35680548513443,172.8541459998015,32504600
2024-11-18,174.41624450683594,174.55553810267529,172.0283347729084,172.54571749253887,20135300
2024-11-19,177.22201538085938,177.96823430730947,172.68500673714084,172.84420375176396,23434900
2024-11-20,175.09278869628906,176.78421507240827,172.90388308120177,176.44593283355675,18997100
2024-11-21,166.78489685058594,173.25212704774955,162.87470208296352,173.02327566367867,59734400
2024-11-22,163.92935180664062,165.6207933486009,163.07368691644547,165.01386807553385,38604600
2024-11-25,166.80479431152344,167.77986461840595,164.77508555590978,165.25266140749017,33135300
2024-11-26,168.26739501953125,168.96387819100605,166.73516544238646,166.7849164091866,20486700
2024-11-27,168.3768310546875,168.6255706920237,167.17293971182346,168.14799483925975,19266500
2024-11-29,168.09823608398438,168.57581191461244,166.31726704322566,167.6505077939042,14257200
2024-12-02,170.62545776367188,171.21247970085113,167.72018043971005,167.91916912565142,23789100
2024-12-03,170.47621154785156,171.80945249599012,169.98869152545723,170.62546445455806,22248700
2024-12-04,173.49090576171875,174.02819184419297,170.19759561324068,170.2871382330325,31615100
2024-12-05,171.7696533203125,175.17240993472817,171.46121858121353,174.4759419461396,21356200
2024-12-06,173.82923889160156,174.19736874760716,170.99360056081088,171.16274171578277,21462400
2024-12-09,174.6858367919922,175.57236409115308,172.9725456881121,173.28134907482925,25389600
2024-12-10,184.44761657714844,185.63297660419835,180.34369430470025,182.13667521959667,54813000
2024-12-11,194.6376953125,194.8468827437387,184.12886535477608,184.5870622814724,67894100
2024-12-12,191.2111358642578,194.4185600761266,190.96211115966233,194.2392695844635,34817500
2024-12-13,189.07948303222656,191.97811901209872,188.90017734316862,190.2648278463795,25143500
2024-12-16,195.89280700683594,198.22367470987274,191.86855906897816,192.11758378595036,44934900
2024-12-17,194.65762329101562,200.6342160179093,194.21933739249496,196.48048589662955,43504000
2024-12-18,187.66502380371094,196.231480292107,187.00761009122783,194.45842549322595,34166100
2024-12-19,187.7745819091797,192.27695280314458,187.64509939888953,190.88242054359256,32265200
2024-12-20,190.66326904296875,192.13749096545695,184.49741523030252,185.0552281091218,63462900
2024-12-23,193.87071228027344,194.3388799273183,189.40817875947414,191.86854398568468,25675000
2024-12-24,195.34495544433594,195.34495544433594,193.02404318868335,194.0799055884088,10403300
2024-12-26,194.83694458007812,195.98245219810025,193.62170274567876,194.38868793025316,12046600
2024-12-27,192.0080108642578,194.55803671433245,189.9062416607854,194.18946980047588,18891400
2024-12-30,190.4939422607422,191.7988292724579,188.3822024440024,189.0595575397149,14264700
2024-12-31,188.56150817871094,191.21113466683676,187.77458160553064,190.33456284838633,17466900
2025-01-02,188.6909942626953,191.25097555403835,186.76853081449056,189.90623605246924,20370800
2025-01-03,191.0417938232422,192.45626758091493,189.23885731709424,190.62343412562188,18596200
2025-01-06,196.1019744873047,197.44671400594865,193.09376692292446,193.2232494371018,29563600
2025-01-07,194.72735595703125,200.2158547626208,193.84082865087865,196.3410311167276,26487200
2025-01-08,193.193359375,195.52422692104554,191.62949216136246,191.818753365396,24864800
2025-01-10,191.2908172607422,195.75335107074358,189.5675704988791,193.54201039861906,26665200
2025-01-13,190.26483154296875,190.43416651970912,186.62907690279673,189.32851141262705,21823700
2025-01-14,188.9201202392578,191.23106177406842,187.57538065012295,190.49395831865004,17174900
2025-01-15,194.78712463378906,195.59396223510123,191.1115176062456,192.33671488233958,21776000
2025-01-16,192.1574249267578,194.71739096273467,192.05780896613516,193.38262220625612,17815400
2025-01-17,195.23538208007812,196.46057945672584,192.99415958170988,195.76331327486383,27735100
2025-01-21,197.27737426757812,201.50082353528188,197.0980685764286,198.29339931939404,29971300
2025-01-22,197.59613037109375,199.6978996202174,196.7594109579838,198.28344103159932,26200600
2025-01-23,197.2076416015625,199.5185981768782,194.43848807720923,197.3670210617764,26951400
2025-01-24,199.428955078125,200.11625050908367,197.22756995808922,197.32718592161126,23877500
2025-01-27,191.0617218017578,196.11195036774717,189.98593319836488,191.65938720339696,41728900
2025-01-28,194.53810119628906,194.71739168696277,189.93611434526252,191.99804618358004,24157900
2025-01-29,194.64767456054688,196.0222806001553,192.6753879484473,194.7970833042233,18218300
2025-01-30,200.08636474609375,200.6142959037936,196.89885156773758,197.22756600165175,24354700
2025-01-31,203.2240753173828,204.67837101004093,201.0127348319746,201.21195154612846,32001100
2025-02-03,200.44496154785156,202.9551348332388,199.31938021531738,199.90707487204236,27838300
2025-02-04,205.5748748779297,206.2422592489475,202.0187948719897,202.59653399897414,43856400
2025-02-05,190.58358764648438,191.998046136523,187.29645852491726,190.32460742693195,70373900
2025-02-06,190.8525390625,191.35058847007514,187.98376961110344,188.7607254709797,29297400
2025-02-07,184.61695861816406,190.43417229867478,182.52516013677956,190.3046897826863,49315000
2025-02-10,185.7425537109375,187.46580046504565,185.13493280467802,186.61912556239702,23105600
2025-02-11,184.5970458984375,186.21072116923287,183.56109458441756,184.3081687207876,21239500
2025-02-12,182.89370727539062,184.38785552440282,181.12065256917043,182.5052293386179,22072600
2025-02-13,185.413818359375,185.55327157463134,182.4255221473731,183.60092656104266,21402500
2025-02-14,184.50738525390625,185.67281908148942,183.60094685418304,184.3380502737544,20448400
2025-02-18,183.0531005859375,185.23455962642282,181.0310210185614,184.87596341155862,29916700
2025-02-19,184.5472412109375,184.73650242741212,182.8737872119756,183.35192561125757,19549400
2025-02-20,183.83999633789062,184.587070455128,182.00717815142445,184.07906552714084,20441500
2025-02-21,178.95912170410156,184.61695583425816,178.38138255149903,184.42769462228776,35199200
2025-02-24,178.5507049560547,182.40560234155157,178.19210879001352,181.28002106421596,29854200
2025-02-25,174.7356414794922,178.0426966360842,174.0084936453782,177.34541534936753,41913400
2025-02-26,172.05613708496094,175.39307405965482,170.9106295738481,174.38701976901885,35431300
2025-02-27,167.84266662597656,173.87902359915924,167.28485366729163,173.31125512309177,39991000
2025-02-28,169.61572265625,169.94443712332475,166.11942092343116,168.0219583066627,48130600
2025-03-03,166.3584747314453,172.69366445439235,165.28268607668863,171.25927958138345,40770500
2025-03-04,170.2532196044922,172.6139690982364,165.15319817693035,165.5914841182232,45388000
2025-03-05,172.34503173828125,173.10206141211768,168.4004735026306,169.85478454890304,30954900
2025-03-06,171.67764282226562,174.12803748089462,169.83485387065045,169.8647356201999,28302000
2025-03-07,173.18174743652344,174.28741777289434,169.60575619699736,170.5918843353401,27385800
2025-03-10,165.41319274902344,167.99607150995365,163.23920372577845,167.7966101322015,43604000
2025-03-11,163.58822631835938,166.29076966008637,160.92558133782,164.45584068137828,39587400
2025-03-12,166.64979553222656,167.17833474519742,163.07965268636923,166.1212563192557,28372400
2025-03-13,162.311767578125,165.67249723739275,161.6635637085375,165.58273352485466,31756200
2025-03-14,165.0342559814453,166.0315020416508,162.00261943703092,162.8203685104477,31995900
2025-03-17,163.83753967285156,165.8420138841619,163.21925201833648,164.57550719551887,31184300
2025-03-18,160.22750854492188,163.79765095180105,156.28838999765335,163.2292134435371,42074800
2025-03-19,163.4386444091797,165.41318720526314,160.5566041117451,161.31450558479577,34275600
2025-03-20,162.35165405273438,164.43589456907407,160.51672503978745,161.1250457167365,28138500
2025-03-21,163.5383758544922,163.7876873527184,160.44690718978086,160.76603321155818,36625800
2025-03-24,167.2182159423828,167.85646804378672,164.68521758619846,166.60991043967152,30879100
2025-03-25,170.09027099609375,170.16008551836464,167.85644975168057,168.51462053018605,24174400
2025-03-26,164.6054229736328,169.14289533485737,164.38602763542738,168.5345746637908,28901600
2025-03-27,161.793212890625,164.96444818748884,161.55386834836875,164.1766304631432,24508300
2025-03-28,153.90499877929688,161.37437785404254,153.2069295238927,160.0480386603904,48669300
2025-03-31,154.21412658691406,155.11164193370462,150.24509161947617,152.68834136730996,54603500
2025-04-01,156.63743591308594,157.6645980717382,153.1969250530925,153.1969250530925,30672900
2025-04-02,156.60751342773438,157.973750867397,154.27396131633463,154.72271899671657,25041700
2025-04-03,150.304931640625,152.35925614776784,149.97583860548548,150.6938570063776,46883400
2025-04-04,145.1990203857422,150.6539570990706,144.97962505338862,147.60237162636182,62259500
2025-04-07,146.34585571289062,152.42906261628312,140.14298415460087,141.1601793715283,76794100
2025-04-08,144.301513671875,151.820758102269,142.6361144411185,150.8035627769606,52200200
2025-04-09,158.27291870117188,159.11060168568548,143.51367491882445,144.02226489868636,70406200
2025-04-10,152.39913940429688,157.28563866565491,149.51708388683267,156.10888048544342,48022000
2025-04-11,156.70724487304688,157.2357840662013,152.39914981719627,152.47891611104427,33636200
2025-04-14,158.63194274902344,161.27463879929493,157.126091415259,159.559374308141,30333000
2025-04-15,155.87953186035156,159.2103301054895,154.78257030571797,158.6917731015249,27551500
2025-04-16,152.90773010253906,155.46067741277207,151.09273508921532,152.67836778458886,28187400
2025-04-17,150.74371337890625,154.25400844452392,148.09103529003713,153.86508310192784,33046600
2025-04-21,147.2633056640625,148.5397792458497,145.69763745597456,148.46997994299036,26049100
2025-04-22,151.0528564453125,151.77087479980403,148.13091768280205,148.47995987784566,26971800
2025-04-23,154.92218017578125,157.09616926384234,153.38641273519517,155.1814586711159,31128800
2025-04-24,158.8413543701172,159.15049822016638,155.36096007364648,155.7199692710382,45894000
2025-04-25,161.51397705078125,165.6425750916004,160.59649729347288,164.61541287682232,56034000
2025-04-28,160.16769409179688,162.70069244870191,158.16323494184564,161.98267405118585,29745800
2025-04-29,159.71893310546875,160.29733764803302,157.086204107764,159.87849612757626,26809000
2025-04-30,158.3626708984375,158.83137774482094,154.9720253029664,157.5449218586139,34981100
2025-05-01,160.85577392578125,161.50397770313938,158.47235672658454,160.00810878606782,30203200
2025-05-02,163.57826232910156,164.51567601619934,161.42420728854916,162.95997467027814,25715000
2025-05-05,163.75778198242188,164.93452502755278,162.2718798770323,162.55110755610633,21341800
2025-05-06,162.7804718017578,164.3461554362482,160.74609651363122,161.72339340187466,21277200
2025-05-07,150.96310424804688,164.5455898895658,147.43284488902702,163.62812539619352,127490100
2025-05-08,153.85513305664062,155.50058309873845,152.47892851591033,154.57315149382438,57498700
2025-05-09,152.32933044433594,154.62299934708025,151.78084208678038,153.7454179749914,32435300
2025-05-12,158.0236053466797,158.66184216787673,155.81968502629073,157.0562755246952,44138800
2025-05-13,159.0906524658203,160.12779682266662,155.7299383299059,158.3526849510168,42382100
2025-05-14,164.91458129882812,166.5400972975048,159.170449289238,159.51949150800576,48755900
2025-05-15,163.50845336914062,165.75225676640807,161.92282073699639,165.3832654159012,33146700
2025-05-16,165.73233032226562,168.8836316223118,165.1638927462638,167.26808260725292,42846900
2025-05-19,166.0813446044922,166.18107529267584,163.7677417629434,164.0569364118495,30426100
2025-05-20,163.52841186523438,168.03596851578914,162.45138424695486,165.9716617765614,46607700
2025-05-21,168.09579467773438,172.66318349220677,163.1095643409873,163.2392111991083,73416000
2025-05-22,170.39942932128906,176.28319020253375,170.23988151650855,171.3767414156938,74864400
2025-05-23,168.0060272216797,169.4919291723601,167.4276227418866,168.59439868298506,35211400
2025-05-27,172.423828125,172.69308880696215,169.53182079809207,169.69138381086714,37995700
2025-05-28,171.8853302001953,174.7873198647011,171.4365725199691,172.6831300854681,34784000
2025-05-29,171.38668823242188,173.93963540973058,170.16007998422984,173.52079394002513,29317300
2025-05-30,171.2670440673828,171.73575093359455,166.97888295989642,170.87811871209726,52639900
2025-06-02,168.56451416015625,169.40219726738815,166.9290310959932,167.37778881652682,38612300
2025-06-03,165.7223358154297,168.01600469808255,164.82482048675826,167.0287408798973,45084900
2025-06-04,167.58718872070312,167.75671871001492,165.9018405925084,166.28079893142063,26900800
2025-06-05,167.7467803955078,170.45927590481597,167.12847743949644,169.8709043325192,36379100
2025-06-06,173.20169067382812,174.01943975782734,170.35954849552294,170.35954849552294,35731800
2025-06-09,175.817626953125,176.1970440586742,174.1002861656323,174.27002138780236,28935900
2025-06-10,178.3237762451172,180.8298886948226,174.63948090794972,175.92747903926403,61766100
2025-06-11,177.07569885253906,180.09101684926247,176.47662077845203,179.49195401036374,31646800
2025-06-12,175.42823791503906,176.44666452455314,174.47971034788216,175.90749122267417,20941900
2025-06-13,174.39984130859375,176.85604320367563,172.1233689351953,172.17329464872896,27663100
2025-06-16,176.49659729003906,176.66633252587772,174.37986589593493,174.45974398959817,27389200
2025-06-17,175.6778564453125,177.08567926563504,174.30998028900405,175.4282431183839,24973000
2025-06-18,173.05194091796875,176.28692000243774,172.93211615674434,175.73776761612697,28707500
2025-06-20,166.38226318359375,174.07035081830173,165.20409556084024,173.68095462694552,75659900
2025-06-23,164.9344940185547,167.08116240174218,161.7494257286143,166.0128253516346,57671000
2025-06-24,166.51206970214844,167.95982401484335,165.87306016657053,166.66183161080377,40524300
2025-06-25,170.41600036621094,172.0934098171055,167.29085192583665,167.3707300173257,35479000
2025-06-26,173.27159118652344,173.4213683331891,169.6771681943881,172.16330733603075,31796700
2025-06-27,178.25387573242188,178.40363764116194,171.46438989107267,173.27158802075178,108140200
2025-06-30,175.95741271972656,180.94967899066734,174.30997094439113,180.5003780733202,63378900
2025-07-01,175.56802368164062,175.81763700531283,173.26159900853952,175.46818749328466,35904500
2025-07-02,178.3636932373047,178.58335417760583,174.79922295185074,175.26848197683447,29128900
2025-07-03,179.2523193359375,179.39210218822254,176.7761594232363,178.22391365801445,21689700
2025-07-07,176.5165557861328,179.0226833705182,175.40827199123135,178.78304908898676,34175600
2025-07-08,174.09031677246094,177.67476043779465,172.54271112131266,177.5749242496101,40442500
2025-07-09,176.34681701660156,179.1624626362242,172.50278095171484,174.97894087050608,43025600
2025-07-10,177.34527587890625,178.15402063985096,174.11029683512743,175.35836349959487,29252400
2025-07-11,179.91131591796875,181.14938835134018,176.20704719654847,176.51656530489134,34282900
2025-07-14,181.2791748046875,183.3859118317051,179.40207776586954,180.7300224544814,32536600
2025-07-15,181.718505859375,183.93507346834292,181.31913062189142,182.5272506181519,33448300
2025-07-16,182.68701171875,184.04490889196538,181.74846312672318,182.95659839065306,33104200
2025-07-17,183.29605102539062,183.77530432362263,180.20083982993623,181.85827589550698,31992600
2025-07-18,184.77377319335938,186.1316703490662,183.42587032160213,185.11324367348885,34014500
2025-07-21,189.8059844970703,189.99567783258155,185.86208164773134,185.9619330750015,45803100
2025-07-22,191.04405212402344,191.35357021159422,187.17006365240448,191.20380830960463,44660200
2025-07-23,189.93577575683594,192.23222149983224,188.88739669642578,191.20381577219638,58681900
2025-07-24,191.8727569580078,197.64381545602902,190.70456849752816,196.7252403051011,74881700
2025-07-25,192.88119506835938,194.02942546808288,190.96416662133603,191.68305419336826,39785900
2025-07-28,192.28213500976562,193.7498625541434,190.54482081320737,193.35047209995227,38139500
2025-07-29,195.44723510742188,195.61697034161693,191.78291329403916,192.13236281084488,41389200
2025-07-30,196.2260284423828,197.2943808004953,194.3888780023715,195.2974741739121,32445400
2025-07-31,191.60317993164062,195.68686545955075,190.79443520574372,195.40729975764043,51329200
2025-08-01,188.8374786376953,190.53484621084553,187.52950724447476,188.73762721302066,34832200
2025-08-04,194.7383270263672,194.96798225717674,189.82593856567027,189.9956738002762,31547400
2025-08-05,194.368896484375,197.55396485726567,193.5901041516216,194.40884314692985,31602300
2025-08-06,195.78671264648438,196.3258859841649,193.3704573812648,194.1991754853375,21562900
2025-08-07,196.21604919433594,197.23446060352177,194.0294340028213,196.75520727948205,26321800
2025-08-08,201.10845947265625,202.29662132319493,196.86503299798275,196.9149587094283,39161800
2025-08-11,200.68911743164062,201.16837075965444,198.76210983585918,200.62921267003748,25832400
2025-08-12,203.02549743652344,204.18370696130674,200.27975076589462,201.0585431482033,30397900
2025-08-13,201.6476287841797,204.21364576160173,197.2044995517677,203.81427054832747,28342900
2025-08-14,202.62611389160156,204.12379383237695,200.91875205563483,201.18833871082708,25230400
2025-08-15,203.58462524414062,206.12070520105007,200.96868242883633,203.534714766441,34931400
2025-08-18,203.18524169921875,204.9525082638803,202.17680937496152,203.88415594549542,18526600
2025-08-19,201.25823974609375,203.1253425488118,199.65072931767816,202.7159730378366,24240200
2025-08-20,199.01171875,200.9686786831588,196.29592455953664,200.41952632200108,28955500
2025-08-21,199.44105529785156,202.1668286588479,199.12154291514705,199.44105529785156,19774600
2025-08-22,205.771240234375,208.21744781149425,200.98865555430208,202.41643648326647,42827000
2025-08-25,208.1675262451172,210.19438514977915,204.9624845680577,206.11069972619865,29928900
2025-08-26,206.81961059570312,207.52851912382437,205.3818354433132,207.18903343187435,28464100
2025-08-27,207.15908813476562,208.58688428789492,205.3319167524022,205.38184246485358,23022900
2025-08-28,211.31265258789062,211.8917573213033,206.57997853322107,206.92944327697995,32339300
2025-08-29,212.58070373535156,214.31800279201352,209.87488848734807,210.1844065843309,39728400
2025-09-02,211.0231170654297,211.3525932568575,205.88107328271496,208.11761422314743,47523000
2025-09-03,230.30325317382812,230.95224175670688,224.4423216543269,225.86013881710127,103336100
2025-09-04,231.94070434570312,232.01058815431742,225.76027598883607,229.2947939629136,51684200
2025-09-05,234.63653564453125,235.39535470067108,231.5413241866342,231.84086323662245,46588900
2025-09-08,233.8870086669922,237.97434675109136,233.5172554040335,235.31608185012894,32474700
2025-09-09,239.47335815429688,240.3128053844981,233.07753270088136,234.0169206603603,38061000
2025-09-10,239.01365661621094,241.50203443312756,237.6945274082077,238.74382884116824,35141100
2025-09-11,240.21287536621094,242.09165136894262,236.09557331646107,239.7232054178332,30599300
2025-09-12,240.64259338378906,241.92175543476245,237.84442067897936,240.21286654309478,26771600
2025-09-15,251.44552612304688,252.24500622225327,244.5000723057695,244.5000723057695,58383800
2025-09-16,250.99581909179688,252.87457975705254,249.30692141357196,251.91521585326547,34109700
2025-09-17,249.36688232421875,251.43553649547647,246.11900683222018,251.0557800198683,34108000
2025-09-18,251.86524963378906,253.82397511354577,249.6367116291099,251.51547232528497,31239500
2025-09-19,254.55349731445312,255.83265939150547,251.64539584681071,253.08445699569828,55571400
2025-09-22,252.36492919921875,255.6128047936517,250.13639113793755,254.2636811395151,32290500
2025-09-23,251.49549865722656,254.1937306726042,250.31626206974443,252.8745862102155,26628000
2025-09-24,246.97845458984375,252.18505574615793,246.2789151995329,251.49550432970327,28201000
2025-09-25,245.6293182373047,246.32887284028934,240.58263166512353,244.24022750230412,31020400
2025-09-26,246.3788299560547,249.25695217808112,245.80921049475367,246.90849752367055,18503200
2025-09-29,243.89047241210938,250.98582213384148,242.61131034259105,247.6879914773483,32505800
2025-09-30,242.94110107421875,243.13096406959585,239.09361157011617,242.65128209661555,34724300
2025-10-01,244.7399139404297,246.13900797357311,238.45403213601972,240.59263270567308,31658200
2025-10-02,245.52940368652344,246.64866670301694,242.14162021805868,244.98974812584623,25483300
2025-10-03,245.1896209716797,246.138996907564,241.5020306823554,244.33018254314118,30249600
2025-10-06,250.26629638671875,251.1557292673991,244.42012945214807,244.61999567020933,28894700
2025-10-07,245.59934997558594,250.27629875611288,245.35951661425605,248.10771903747053,23181300
2025-10-08,244.46009826660156,245.84918907751907,243.66063338889384,244.79988761332393,21307100
2025-10-09,241.3721160888672,244.60000044134677,238.99366696134817,244.3101967172578,27892100
2025-10-10,236.4153594970703,243.93043262992407,235.6858257251368,241.27216783484693,33180300
2025-10-13,243.9904022216797,244.34017953936018,239.55331729181,240.05299046060216,24995000
2025-10-14,245.28955078125,246.95845730298234,240.35277752895155,241.07230809804528,22111600
2025-10-15,250.86590576171875,251.94520161834686,245.82920701293574,247.0883778879278,27007700
2025-10-16,251.29562377929688,256.79201310331337,249.93651222042618,251.60541868813706,27997200
2025-10-17,253.13442993164062,254.05382673080507,247.64801305801078,250.59608169913423,29671600
2025-10-20,256.3822937011719,257.1617826336821,254.06381810029453,254.52352413042843,22350200
2025-10-21,250.29627990722656,254.71338870395212,243.99039197294186,254.5734808325197,47312100
2025-10-22,251.52548217773438,256.19241249616164,249.12704181794433,254.20372304336274,35029400
2025-10-23,252.91456604003906,254.8732762688867,251.68537434804077,252.81462530948346,19901400
2025-10-24,259.7501220703125,261.5089509442133,255.1531226659378,256.412278354529,28655100
2025-10-27,269.0939636230469,269.9634205104271,264.10723541197956,264.6468909460984,35235200
2025-10-28,267.295166015625,270.5530448339537,266.3257988486908,269.5137161039883,29738600
2025-10-29,274.3905334472656,275.1600191542769,267.49504976173847,267.57498405043395,43580300
2025-10-30,281.2960205078125,291.3993974290424,279.87693527724974,291.3993974290424,74876000
2025-10-31,281.0061950683594,285.81304844327684,276.8489107040144,283.02486366213384,39267900
2025-11-03,283.5345458984375,285.3433603410046,279.61709481156873,281.9955439895644,29786000
2025-11-04,277.35858154296875,281.0861237356038,276.07941949471564,276.56908942406625,30078400
2025-11-05,284.1241455078125,286.23278206992967,277.15870054271744,278.6876991693174,31010300
2025-11-06,284.5638732910156,288.1615262521665,280.9562476047489,285.14348075532007,37173600
2025-11-07,278.647705078125,283.59448127875606,275.0101005397699,283.0248465894465,34479600
2025-11-10,289.9103698730469,290.6098939896417,282.6750818691635,284.23409016650885,29557300
2025-11-11,291.11956787109375,291.72918497214437,287.1321858980205,287.56189748708465,19842100
2025-11-12,286.5225830078125,291.8191369528623,283.504568014819,291.4893355792204,24829900
2025-11-13,278.3879089355469,282.65510670070455,277.0587612643864,282.15543354563385,29494000
2025-11-14,276.22930908203125,278.3778974858086,270.52305035910666,271.23257767900105,31647200
2025-11-17,284.83367919921875,293.7578650793077,283.38464532335746,285.59319216713175,52670200
2025-11-18,284.09417724609375,288.61121173854644,278.0181648979437,287.7318125744744,49158700
2025-11-19,292.61859130859375,303.6114007455407,286.44263841708545,286.9722907427786,68198900
2025-11-20,289.26080322265625,306.2197114167213,288.48131431646567,304.3409354639468,62025200
2025-11-21,299.464111328125,303.7213362601199,293.6579118539212,296.2262391249899,74137700
2025-11-24,318.3717346191406,319.27117069793417,309.39762425695875,310.9266228942269,85165100
2025-11-25,323.22857666015625,328.6150374741804,317.4423529194355,325.9967549915166,88632100
2025-11-26,319.7408752441406,324.287888914303,316.58293713459693,320.4703785574214,51373400
2025-11-28,319.970703125,326.6363566172421,316.5829348985448,323.15862038246837,26018600
2025-12-01,314.6841735839844,319.6409227326276,313.684827275924,317.49233426982363,41183000
2025-12-02,315.6035461425781,318.17187340075924,313.7047943107319,316.5329308632399,35854700
2025-12-03,319.42108154296875,321.369788644051,313.89469739870816,315.68353592029735,41838300
2025-12-04,317.4123840332031,322.14927599125497,314.4943097586067,322.0193865832628,31240900
2025-12-05,321.0599670410156,322.9487461411032,318.961364259978,319.28113189003057,28851700
2025-12-08,313.7200012207031,320.44000244140625,311.2200012207031,320.04998779296875,33909400
2025-12-09,317.0799865722656,317.989990234375,311.8999938964844,312.3699951171875,30194000
2025-12-10,320.2099914550781,321.30999755859375,314.67999267578125,315.8299865722656,33428900
2025-12-11,312.42999267578125,321.1199951171875,308.6000061035156,320.0799865722656,42353700
2025-12-12,309.2900085449219,314.8699951171875,305.55999755859375,313.70001220703125,35940200
2025-12-15,308.2200012207031,311.4200134277344,304.8800048828125,311.32000732421875,29151900
2025-12-16,306.57000732421875,310.7699890136719,302.5899963378906,304.95001220703125,30585000
2025-12-17,296.7200012207031,308.0899963378906,296.1199951171875,308.010009765625,43930400
2025-12-18,302.4599914550781,303.9599914550781,299.2300109863281,301.7200012207031,33518000
2025-12-19,307.1600036621094,307.25,300.9700012207031,301.7300109863281,59943200
2025-12-22,309.7799987792969,310.1300048828125,305.29998779296875,309.8800048828125,26429900
2025-12-23,314.3500061035156,314.94000244140625,309.32000732421875,309.6300048828125,25478700
2025-12-24,314.0899963378906,315.0799865722656,311.9200134277344,314.7699890136719,10097400
2025-12-26,313.510009765625,315.0899963378906,312.2799987792969,314.4800109863281,10899000
2025-12-29,313.55999755859375,314.0199890136719,310.6199951171875,311.3699951171875,19621800
2025-12-30,313.8500061035156,316.95001220703125,312.4599914550781,312.5,17380900
2025-12-31,313.0,314.5799865722656,311.44000244140625,312.8500061035156,16377700
2026-01-02,315.1499938964844,322.5,310.3299865722656,316.8999938964844,32009400
2026-01-05,316.5400085449219,319.0199890136719,314.6300048828125,317.6600036621094,30195600
2026-01-06,314.3399963378906,320.94000244140625,311.7799987792969,316.3999938964844,31212100
2026-01-07,321.9800109863281,326.1499938964844,314.19000244140625,314.3599853515625,35104400
2026-01-08,325.44000244140625,330.32000732421875,321.5,328.9700012207031,31896100
2026-01-09,328.57000732421875,330.8299865722656,325.79998779296875,327.0899963378906,26214200
2026-01-12,331.8599853515625,334.0400085449219,325.0,325.79998779296875,33923900
2026-01-13,335.9700012207031,340.489990234375,333.6199951171875,334.95001220703125,33517600
2026-01-14,335.8399963378906,336.5199890136719,330.4800109863281,335.05999755859375,28525600
2026-01-15,332.7799987792969,337.69000244140625,330.739990234375,337.6499938964844,28442400
2026-01-16,330.0,334.6499938964844,327.70001220703125,334.4100036621094,40341600
2026-01-20,322.0,327.7300109863281,320.42999267578125,320.8699951171875,35361000
2026-01-21,328.3800048828125,332.4800109863281,319.3500061035156,320.9200134277344,35386600
2026-01-22,330.5400085449219,335.1499938964844,328.75,334.45001220703125,26253600
2026-01-23,327.92999267578125,333.69000244140625,327.45001220703125,332.489990234375,27280000
2026-01-26,333.260009765625,335.8399963378906,327.0,327.80999755859375,26042100
2026-01-27,334.54998779296875,337.9100036621094,333.4800109863281,335.3699951171875,21636200
2026-01-28,336.010009765625,337.5400085449219,331.94000244140625,336.05999755859375,27434400
2026-01-29,338.25,342.2900085449219,326.5400085449219,340.29998779296875,39785600
2026-01-30,338.0,340.0,332.2900085449219,340.0,31024000
2026-02-02,343.69000244140625,344.8299865722656,335.6300048828125,336.2200012207031,32006100
2026-02-03,339.7099914550781,349.0,337.4700012207031,347.3399963378906,36506700
2026-02-04,333.0400085449219,343.30999755859375,328.5199890136719,342.9599914550781,70618400
2026-02-05,331.25,332.69000244140625,306.4599914550781,312.2200012207031,88205800
2026-02-06,322.8599853515625,330.3800048828125,319.9200134277344,327.17999267578125,56380500
2026-02-09,324.32000732421875,327.70001220703125,317.260009765625,320.92999267578125,39640100
2026-02-10,318.5799865722656,321.6700134277344,314.6099853515625,320.9700012207031,39170000
2026-02-11,310.9599914550781,321.05999755859375,309.6600036621094,318.9700012207031,45406400
2026-02-12,309.0,316.239990234375,307.20001220703125,312.0899963378906,47761300
2026-02-13,305.7200012207031,308.6300048828125,303.7099914550781,307.7300109863281,38499700
2026-02-17,302.0199890136719,304.44000244140625,296.25,300.0400085449219,39247600
2026-02-18,303.3299865722656,305.3800048828125,301.25,302.0899963378906,28482100
2026-02-19,302.8500061035156,305.4700012207031,300.0400085449219,301.82000732421875,25834400
2026-02-20,314.9800109863281,316.5,303.8999938964844,304.32000732421875,53210800
2026-02-23,311.489990234375,319.5199890136719,309.8699951171875,319.04998779296875,31423000
2026-02-24,310.8999938964844,312.2699890136719,305.92999267578125,310.5199890136719,25615600
2026-02-25,312.8999938964844,313.6400146484375,309.44000244140625,312.05999755859375,29963600
2026-02-26,307.3800048828125,313.1400146484375,302.3500061035156,312.6400146484375,36431200
2026-02-27,311.760009765625,312.3699951171875,303.79998779296875,304.1400146484375,44640600
2026-03-02,306.5199890136719,308.489990234375,301.29998779296875,303.2300109863281,34790200
2026-03-03,303.5799865722656,303.94000244140625,296.7099914550781,298.5899963378906,35497000
2026-03-04,303.1300048828125,305.4700012207031,300.75,302.8900146484375,29536200
2026-03-05,300.8800048828125,303.29998779296875,297.989990234375,303.0400085449219,35752300
2026-03-06,298.5199890136719,300.5299987792969,295.17999267578125,296.0899963378906,25546200
